ID,year,lon,lat,u_id,grazing,biomass,o_biomass,carbongap,NPP,npp_ratio,biomass_ratio,DAY1,DAT2,DAYS,grazing_2,b_a_ratio,biomass_t,o_biomass_t,o_biomass_t_c,biomass_gap
1,2009,118.457,49.55,N876-W-8-8,60.2,75.3,69.9,14,333.9,4.2,7.6,2009/5/1,2009/8/31,122,13.21992,5.16,388.548,360.684,373.90392,3.92
2,2009,121.419,44.333,N2043-W-3-1,219.6,45.3,36.7,5,241.9,2.1,23.6,2009/5/1,2009/8/31,122,48.22416,5.16,233.748,189.372,237.59616,0.00
3,2009,118.831,49.433,N876-W-11-11,60.2,123.9,119.3,22,325,6.8,3.9,2009/5/1,2009/8/31,122,13.21992,5.16,639.324,615.588,628.80792,1.67
4,2009,117.518,44.633,N2209-S-5-1,90.3,20,13.3,36,231.4,15.6,50,2009/5/1,2009/8/31,122,19.82988,5.16,103.2,68.628,88.45788,16.67
5,2009,121.509,44.283,N2043-W-2-2,219.6,38,30.7,16,232.6,6.9,23.9,2009/5/1,2009/8/31,122,48.22416,5.16,196.08,158.412,206.63616,0.00
6,2009,112.794,42.817,N2206-S-4-1,25.5,14,12.7,8,106.5,7.5,10.5,2009/5/1,2009/8/31,122,5.5998,5.16,72.24,65.532,71.1318,1.56
7,2009,107.917,39.15,N498-W-4-4,66.4,48.9,42.2,24,165.1,14.5,15.8,2009/5/1,2009/8/31,122,14.58144,5.32,260.148,224.504,239.08544,8.81
8,2009,112.58,42.95,N2206-S-3-1,25.5,14,12.7,8,100.3,8,10.5,2009/5/1,2009/8/31,122,5.5998,5.16,72.24,65.532,71.1318,1.56
9,2009,116.327,48.167,N884-W-3-3,65.4,30.2,19.2,50,213.8,23.4,57.4,2009/5/1,2009/8/31,122,14.36184,5.16,155.832,99.072,113.43384,37.38
10,2009,119.936,45.167,N2046-W-2-1,202.9,78,44,144,363.2,39.6,77.3,2009/5/1,2009/8/31,122,44.55684,7.04,549.12,309.76,354.31684,54.98
11,2009,108.436,41.583,N85-W-1-1,48.8,25.3,18,16,125.1,12.8,40.7,2009/5/1,2009/8/31,122,10.71648,5.32,134.596,95.76,106.47648,26.41
12,2009,118.388,49.617,N876-W-9-9,60.2,112.6,94.6,14,336.7,4.2,19,2009/5/1,2009/8/31,122,13.21992,5.16,581.016,488.136,501.35592,15.89
13,2009,121.648,44.183,N2043-W-1-1,219.6,50,35.3,42,246,17.1,41.5,2009/5/1,2009/8/31,122,48.22416,5.16,258,182.148,230.37216,11.99
14,2009,111.589,41.933,N2123-S-1-1,41.5,22,15.3,19,142.3,13.4,43.5,2009/5/1,2009/8/31,122,9.1134,5.16,113.52,78.948,88.0614,28.91
15,2009,121.914,44.2,N2043-W-5-5,219.6,21.3,18.3,28,234.5,11.9,16.4,2009/5/1,2009/8/31,122,48.22416,5.16,109.908,94.428,142.65216,0.00
16,2009,107.867,39.267,N498-W-3-3,66.4,60,46.7,12,168.5,7.1,28.6,2009/5/1,2009/8/31,122,14.58144,5.32,319.2,248.444,263.02544,21.36
17,2009,119.982,48.117,N879-W-3-3,58.1,144.3,124.7,0,735.9,0,15.8,2009/5/1,2009/8/31,122,12.75876,5.16,744.588,643.452,656.21076,13.47
18,2009,119.882,49.117,N879-W-4-4,58.1,79.7,65.3,13,396.6,3.3,22,2009/5/1,2009/8/31,122,12.75876,5.16,411.252,336.948,349.70676,17.60
19,2009,121.456,44.517,N2046-W-9-1,202.9,90.7,50.7,63,196.8,32,78.9,2009/5/1,2009/8/31,122,44.55684,5.16,468.012,261.612,306.16884,52.86
20,2009,115.306,43.333,N2202-S-4-4,55.4,105.3,76.7,83,177.6,46.7,37.4,2009/5/1,2009/8/31,122,12.16584,5.16,543.348,395.772,407.93784,33.19
21,2009,107.033,39.617,N498-W-2-2,66.4,73.3,53.3,11,99.5,11.1,37.5,2009/5/1,2009/8/31,122,14.58144,5.32,389.956,283.556,298.13744,30.80
22,2009,107.132,41.3,N83-W-4-1,17.6,24,24,17,94.3,18,0,2009/5/1,2009/8/31,122,3.86496,5.32,127.68,127.68,131.54496,0.00
23,2009,123.347,43.883,N2043-W-7-7,219.6,20.7,14.7,58,285,20.4,40.9,2009/5/1,2009/8/31,122,48.22416,5.16,106.812,75.852,124.07616,0.00
24,2009,114.423,42.45,N2211-W-1-1,89.4,18.5,13.3,39,173.1,22.5,38.6,2009/5/1,2009/8/31,122,19.63224,5.16,95.46,68.628,88.26024,8.16
25,2009,115.029,43.567,N2202-S-3-3,55.4,68.7,52,5,186,2.7,32.1,2009/5/1,2009/8/31,122,12.16584,5.16,354.492,268.32,280.48584,26.38
26,2009,107.064,38.233,N499-W-1-1,103.5,93.7,64.7,16,151.7,10.5,44.7,2009/5/1,2009/8/31,122,22.7286,5.32,498.484,344.204,366.9326,35.85
27,2009,118.059,48.55,N885-W-3-1,71.5,66,38,76,232.5,32.7,73.7,2009/5/1,2009/8/31,122,15.7014,5.16,340.56,196.08,211.7814,60.81
28,2009,122.038,44.15,N2043-W-4-4,219.6,24.4,20.2,63,241.9,26,20.8,2009/5/1,2009/8/31,122,48.22416,5.16,125.904,104.232,152.45616,0.00
29,2009,109.118,39.967,N500-W-5-1,76.7,14.1,14.3,41,156.7,26.2,-1.7,2009/5/1,2009/8/31,122,16.84332,5.32,75.012,76.076,92.91932,0.00
30,2010,117.187,43.865,N372-W-11-1,141.9,41.3,26.5,77,394.7,19.5,55.8,2010/5/1,2010/8/31,122,31.16124,5.16,213.108,136.74,167.90124,26.92
31,2010,119.685,48.478,N879-W-4-1,64,38.2,29.3,63,408.4,15.4,30.2,2010/5/1,2010/8/31,122,14.0544,5.16,197.112,151.188,165.2424,19.29
32,2010,115.677,44.112,N2210-S-1-2,66.9,47.4,37.4,32,241.5,13.3,26.8,2010/5/1,2010/8/31,122,14.69124,5.16,244.584,192.984,207.67524,17.77
33,2010,115.827,48.011,N884-W-2-2,52.7,69.7,45.1,85,197.6,43,54.5,2010/5/1,2010/8/31,122,11.57292,5.16,359.652,232.716,244.28892,47.22
34,2010,107.132,41.315,N83-W-6-1,19.1,27.3,18.7,36,87.9,41,46.4,2010/5/1,2010/8/31,122,4.19436,5.32,145.236,99.484,103.67836,40.08
35,2010,112.25,44.183,N2207-W-5-5,30.4,16,11.3,19,89.7,21.2,41.2,2010/5/1,2010/8/31,122,6.67584,5.32,85.12,60.116,66.79184,27.44
36,2010,107.541,38.04,N499-W-1-1,103.5,64.1,45.4,48,206.7,23.2,41.3,2010/5/1,2010/8/31,122,22.7286,5.32,341.012,241.528,264.2566,29.05
37,2010,107.411,38.61,N499-W-4-4,103.5,15.5,11.1,5,188.2,2.7,39.5,2010/5/1,2010/8/31,122,22.7286,5.32,82.46,59.052,81.7806,0.83
38,2010,107.867,39.283,N498-W-4-4,64.3,44.5,33.3,28,152.5,18.4,33.4,2010/5/1,2010/8/31,122,14.12028,5.32,236.74,177.156,191.27628,23.77
39,2010,116.856,48.99,N884-W-1-1,52.7,111,95.2,25,246.1,10.2,16.6,2010/5/1,2010/8/31,122,11.57292,5.16,572.76,491.232,502.80492,13.91
40,2010,115.804,43.996,N2210-S-3-2,66.9,88,81.4,18,251.4,7.2,8.2,2010/5/1,2010/8/31,122,14.69124,5.16,454.08,420.024,434.71524,4.45
41,2010,118.801,48.016,N885-W-14-1,77.7,51.5,40.5,33,315.2,10.5,27,2010/5/1,2010/8/31,122,17.06292,5.16,265.74,208.98,226.04292,17.56
42,2010,118.397,48.115,N885-W-11-1,77.7,62.4,52,39,253.9,15.4,20,2010/5/1,2010/8/31,122,17.06292,5.16,321.984,268.32,285.38292,12.83
43,2010,120.154,45.886,N2304-W-7-1,144.4,195.3,191.3,21,425.8,4.9,2.1,2010/5/1,2010/8/31,122,31.71024,7.04,1374.912,1346.752,1378.46224,0.00
44,2010,122.835,43.444,N2042-W-2-1,247.6,86,73.3,17,329.4,5.2,17.3,2010/5/1,2010/8/31,122,54.37296,5.16,443.76,378.228,432.60096,2.58
45,2010,121.508,44.291,N2043-W-2-2,225.1,39.3,32.1,16,253.5,6.3,22.4,2010/5/1,2010/8/31,122,49.43196,5.16,202.788,165.636,215.06796,0.00
46,2010,120.351,43.216,N376-S-11-1,233.3,67.9,21.1,150,140.8,106.5,221.5,2010/5/1,2010/8/31,122,51.23268,5.16,350.364,108.876,160.10868,118.83
47,2010,119.664,48.493,N879-W-3-3,64,135.5,109.8,50,411.2,12.2,23.4,2010/5/1,2010/8/31,122,14.0544,5.16,699.18,566.568,580.6224,20.42
48,2010,115.809,43.989,N2210-S-3-1,66.9,90.7,75.4,18,248.9,7.2,20.4,2010/5/1,2010/8/31,122,14.69124,5.16,468.012,389.064,403.75524,15.91
49,2010,121.163,44.444,N2046-W-10-3,234.7,53.3,42.7,18,236.7,7.6,25,2010/5/1,2010/8/31,122,51.54012,5.16,275.028,220.332,271.87212,1.16
50,2010,122.212,43.232,N2042-W-4-1,247.6,433.3,386.7,46,286.3,16.1,12.1,2010/5/1,2010/8/31,122,54.37296,5.16,2235.828,1995.372,2049.74496,9.08
51,2010,120.937,44.29,N2046-W-5-1,234.7,96,48,96,203.7,47.1,100,2010/5/1,2010/8/31,122,51.54012,5.16,495.36,247.68,299.22012,65.55
52,2010,119.354,43.838,N369-S-4-3,273.3,89,41.7,101,174.3,57.9,113.6,2010/5/1,2010/8/31,122,60.01668,7.04,626.56,293.568,353.58468,77.20
53,2010,121.648,44.199,N2043-W-1-1,225.1,44.3,35.5,30,238.2,12.6,25,2010/5/1,2010/8/31,122,49.43196,5.16,228.588,183.18,232.61196,0.00
54,2010,119.18,49.345,N876-W-2-1,65,85.3,63.3,45,327.4,13.7,34.7,2010/5/1,2010/8/31,122,14.274,5.16,440.148,326.628,340.902,29.11
55,2010,119.107,42.99,N376-S-6-1,233.3,33.5,10.5,113,195.5,57.8,218.4,2010/5/1,2010/8/31,122,51.23268,5.16,172.86,54.18,105.41268,63.98
56,2010,113.911,44.622,N2202-S-5-1,55.9,63.7,56.7,34,151.4,22.5,12.4,2010/5/1,2010/8/31,122,12.27564,5.16,328.692,292.572,304.84764,7.82
57,2010,118.647,49.396,N876-W-1-1,65,86.7,65.3,23,331.8,6.9,32.7,2010/5/1,2010/8/31,122,14.274,5.16,447.372,336.948,351.222,27.38
58,2010,115.813,43.986,N2210-S-3-3,66.9,93.4,71.4,11,256.3,4.3,30.8,2010/5/1,2010/8/31,122,14.69124,5.16,481.944,368.424,383.11524,25.80
59,2010,122.295,43.042,N2042-W-8-1,247.6,133.3,86.7,37,297.1,12.5,53.8,2010/5/1,2010/8/31,122,54.37296,5.16,687.828,447.372,501.74496,37.09
60,2010,120.787,45.37,N2304-W-10-1,144.4,8,5.3,72,327.4,22,50.1,2010/5/1,2010/8/31,122,31.71024,7.04,56.32,37.312,69.02224,0.00
61,2010,119.735,48.32,N879-W-1-1,64,101.3,59.5,159,418.2,38,70.2,2010/5/1,2010/8/31,122,14.0544,5.16,522.708,307.02,321.0744,62.80
62,2010,115.673,44.11,N2210-S-1-1,66.9,50,32.7,32,241.5,13.3,53.1,2010/5/1,2010/8/31,122,14.69124,5.16,258,168.732,183.42324,40.66
63,2010,118.859,43.697,N368-S-3-3,222.8,12.7,4,58,238.8,24.3,216.8,2010/5/1,2010/8/31,122,48.92688,5.16,65.532,20.64,69.56688,0.00
64,2011,112.528,42.548,ƒ⁄√…π≈À’ƒ·Ãÿ”“∆Ï-…≥-1-1,12.9,24.6,24.3,0,129.5,0,1.1,2011/5/1,2011/8/31,122,2.83284,5.16,126.936,125.388,128.22084,0.00
65,2011,108.802,38.762,ƒ⁄√…π≈Œ⁄…Û∆Ï-ÕÀ-1-1,84,30,27.5,0,213.7,0,9.2,2011/5/1,2011/8/31,122,18.4464,5.32,159.6,146.3,164.7464,0.00
66,2011,122.648,43.249,ƒ⁄√…π≈ø∆∂˚«ﬂ◊Û“Ì∫Û∆Ï-ÕÀ-5-2,186.3,140,130.7,0,326.9,0,7.1,2011/5/1,2011/8/31,122,40.91148,5.16,722.4,674.412,715.32348,0.99
67,2011,112.078,44.213,ƒ⁄√…π≈À’ƒ·Ãÿ◊Û∆Ï-ÕÀ-3-1,15.7,17.4,12.7,22,77.3,28.5,36.7,2011/5/1,2011/8/31,122,3.44772,5.32,92.568,67.564,71.01172,30.36
68,2011,115.494,43.959,ƒ⁄√…π≈Œ˝¡÷∫∆Ãÿ –-…≥-8-2,30.4,60,50.7,28,191.3,14.6,18.4,2011/5/1,2011/8/31,122,6.67584,5.16,309.6,261.612,268.28784,15.40
69,2011,119.028,43.671,ƒ⁄√…π≈∞Õ¡÷”“∆Ï-…≥-5-1,92.4,57.4,41.1,67,278.4,24.1,39.6,2011/5/1,2011/8/31,122,20.29104,5.16,296.184,212.076,232.36704,27.46
70,2011,119.67,48.758,ƒ⁄√…π≈∂ıŒ¬øÀ◊Â◊‘÷Œ∆Ï-ÕÀ-3-1,43.1,579.6,559.2,14,391.5,3.6,3.7,2011/5/1,2011/8/31,122,9.46476,5.16,2990.736,2885.472,2894.93676,3.31
71,2011,121.573,45.241,ƒ⁄√…π≈ø∆∂˚«ﬂ”““Ì÷–∆Ï-ÕÀ-10-3,104.4,33.3,26.7,27,335.3,8.1,25,2011/5/1,2011/8/31,122,22.92624,7.04,234.432,187.968,210.89424,11.16
72,2011,116.278,48.307,ƒ⁄√…π≈–¬∞Õ∂˚ª¢”“∆Ï-ÕÀ-5-1,32.7,138.5,125.1,28,288,9.7,10.7,2011/5/1,2011/8/31,122,7.18092,5.16,714.66,645.516,652.69692,9.49
73,2011,114.219,44.722,ƒ⁄√…π≈∞¢∞Õ∏¬∆Ï-…≥-10-1,24.3,86.7,65.3,55,178.6,30.8,32.7,2011/5/1,2011/8/31,122,5.33628,5.16,447.372,336.948,342.28428,30.70
74,2011,121.573,45.241,ƒ⁄√…π≈ø∆∂˚«ﬂ”““Ì÷–∆Ï-ÕÀ-10-2,104.4,37.8,31.1,27,335.3,8.1,21.4,2011/5/1,2011/8/31,122,22.92624,7.04,266.112,218.944,241.87024,10.02
75,2011,115.812,43.99,ƒ⁄√…π≈Œ˝¡÷∫∆Ãÿ –-…≥-7-2,30.4,100,84,33,184.3,17.9,19.1,2011/5/1,2011/8/31,122,6.67584,5.16,516,433.44,440.11584,17.24
76,2011,119.054,49.598,ƒ⁄√…π≈≥¬∞Õ∂˚ª¢∆Ï-ÕÀ-4-2,45.4,83.3,70,42,310.2,13.5,19,2011/5/1,2011/8/31,122,9.96984,5.16,429.828,361.2,371.16984,15.80
77,2011,114.549,43.098,ƒ⁄√…π≈À’ƒ·Ãÿ◊Û∆Ï-…≥-8-1,15.7,46.1,32.1,52,136.9,38,43.7,2011/5/1,2011/8/31,122,3.44772,5.16,237.876,165.636,169.08372,40.69
78,2011,110.736,42.893,ƒ⁄√…π≈Àƒ◊”Õı∆Ï-…≥-6-1,15.4,15.3,12.7,13,84.2,15.4,21,2011/5/1,2011/8/31,122,3.38184,5.32,81.396,67.564,70.94584,14.73
79,2011,115.494,43.959,ƒ⁄√…π≈Œ˝¡÷∫∆Ãÿ –-…≥-8-1,30.4,62,52.7,31,188.6,16.4,17.7,2011/5/1,2011/8/31,122,6.67584,5.16,319.92,271.932,278.60784,14.83
80,2011,116.061,44.477,ƒ⁄√…π≈Œ˝¡÷∫∆Ãÿ –-…≥-3-1,30.4,136.7,119.4,21,210.5,10,14.5,2011/5/1,2011/8/31,122,6.67584,5.16,705.372,616.104,622.77984,13.26
81,2011,111.603,41.958,ƒ⁄√…π≈Àƒ◊”Õı∆Ï-…≥-10-3,15.4,9,6.3,41,140.8,29.1,42.2,2011/5/1,2011/8/31,122,3.38184,5.16,46.44,32.508,35.88984,29.40
82,2011,121.548,44.259,ƒ⁄√…π≈ø∆∂˚«ﬂ◊Û“Ì÷–∆Ï-ÕÀ-5-2,203.1,96,84,12,272,4.4,14.3,2011/5/1,2011/8/31,122,44.60076,5.16,495.36,433.44,478.04076,3.62
83,2011,119.441,49.919,ƒ⁄√…π≈≥¬∞Õ∂˚ª¢∆Ï-ÕÀ-6-2,45.4,93.3,73.3,62,324.5,19.1,27.3,2011/5/1,2011/8/31,122,9.96984,5.16,481.428,378.228,388.19784,24.02
84,2011,118.618,49.463,ƒ⁄√…π≈≥¬∞Õ∂˚ª¢∆Ï-ÕÀ-2-3,45.4,43.3,36,49,296.6,16.5,20.4,2011/5/1,2011/8/31,122,9.96984,5.16,223.428,185.76,195.72984,14.15
85,2011,116.249,42.42,ƒ⁄√…π≈’˝¿∂∆Ï-…≥-1-2,43.1,163.3,118.7,116,296.8,39.1,37.6,2011/5/1,2011/8/31,122,9.46476,5.16,842.628,612.492,621.95676,35.48
86,2011,111.988,41.973,ƒ⁄√…π≈Àƒ◊”Õı∆Ï-…≥-1-1,15.4,67,65.3,10,177.7,5.6,2.6,2011/5/1,2011/8/31,122,3.38184,5.16,345.72,336.948,340.32984,1.58
87,2011,110.737,42.894,ƒ⁄√…π≈Àƒ◊”Õı∆Ï-…≥-6-2,15.4,15,12.7,13,84.2,15.4,18.4,2011/5/1,2011/8/31,122,3.38184,5.32,79.8,67.564,70.94584,12.48
88,2011,111.564,42.074,ƒ⁄√…π≈Àƒ◊”Õı∆Ï-…≥-9-1,15.4,29.3,18.7,66,120.6,54.7,57.1,2011/5/1,2011/8/31,122,3.38184,5.16,151.188,96.492,99.87384,51.38
89,2011,123.047,44.209,ƒ⁄√…π≈ø∆∂˚«ﬂ◊Û“Ì÷–∆Ï-ÕÀ-9-1,203.1,48,24,76,243.8,31.2,100,2011/5/1,2011/8/31,122,44.60076,5.16,247.68,123.84,168.44076,47.04
90,2011,122.66,44.122,ƒ⁄√…π≈ø∆∂˚«ﬂ◊Û“Ì÷–∆Ï-ÕÀ-7-2,203.1,84,52,64,230.8,27.7,61.5,2011/5/1,2011/8/31,122,44.60076,5.16,433.44,268.32,312.92076,38.51
91,2011,112.877,42.476,ƒ⁄√…π≈À’ƒ·Ãÿ”“∆Ï-…≥-10-1,12.9,20.2,16.5,27,116.5,23.2,22.2,2011/5/1,2011/8/31,122,2.83284,5.16,104.232,85.14,87.97284,18.48
92,2011,115.002,44.193,ƒ⁄√…π≈∞¢∞Õ∏¬∆Ï-…≥-8-1,24.3,80,58.7,46,167.8,27.4,36.4,2011/5/1,2011/8/31,122,5.33628,5.16,412.8,302.892,308.22828,33.93
93,2011,112.919,42.662,ƒ⁄√…π≈À’ƒ·Ãÿ”“∆Ï-…≥-6-1,12.9,21.7,19.1,5,138.1,3.6,13.9,2011/5/1,2011/8/31,122,2.83284,5.16,111.972,98.556,101.38884,10.44
94,2011,119.054,49.598,ƒ⁄√…π≈≥¬∞Õ∂˚ª¢∆Ï-ÕÀ-4-3,45.4,86.7,70,42,310.2,13.5,23.8,2011/5/1,2011/8/31,122,9.96984,5.16,447.372,361.2,371.16984,20.53
95,2011,115.078,43.525,ƒ⁄√…π≈∞¢∞Õ∏¬∆Ï-…≥-3-1,24.3,28.7,18.7,52,140.3,37.1,53.6,2011/5/1,2011/8/31,122,5.33628,5.16,148.092,96.492,101.82828,45.43
96,2011,108.579,41.82,ƒ⁄√…π≈Œ⁄¿≠Ãÿ÷–∆Ï-ÕÀ-10-3,34.7,13.3,15.3,8,128.8,6.2,-13,2011/5/1,2011/8/31,122,7.62012,5.32,70.756,81.396,89.01612,0.00
97,2011,115.811,43.99,ƒ⁄√…π≈Œ˝¡÷∫∆Ãÿ –-…≥-7-1,30.4,98,86.7,33,184.3,17.9,13.1,2011/5/1,2011/8/31,122,6.67584,5.16,505.68,447.372,454.04784,11.37
98,2011,108.965,38.664,ƒ⁄√…π≈Œ⁄…Û∆Ï-ÕÀ-2-1,84,57.9,49.6,0,233.9,0,16.7,2011/5/1,2011/8/31,122,18.4464,5.32,308.028,263.872,282.3184,9.11
99,2011,113.084,42.907,ƒ⁄√…π≈À’ƒ·Ãÿ”“∆Ï-…≥-4-1,12.9,19.1,15.8,9,104.1,8.6,20.7,2011/5/1,2011/8/31,122,2.83284,5.16,98.556,81.528,84.36084,16.83
100,2011,117.812,48.354,ƒ⁄√…π≈–¬∞Õ∂˚ª¢◊Û∆Ï-ÕÀ-4-1,45.5,64,69.3,22,305.1,7.2,-7.7,2011/5/1,2011/8/31,122,9.9918,5.16,330.24,357.588,367.5798,0.00
101,2011,111.148,42.403,ƒ⁄√…π≈Àƒ◊”Õı∆Ï-…≥-8-3,15.4,18,15,22,102.7,21.4,20,2011/5/1,2011/8/31,122,3.38184,5.32,95.76,79.8,83.18184,15.12
102,2011,115.856,43.979,ƒ⁄√…π≈Œ˝¡÷∫∆Ãÿ –-…≥-10-1,30.4,83.4,66.7,27,198.1,13.6,25,2011/5/1,2011/8/31,122,6.67584,5.16,430.344,344.172,350.84784,22.66
103,2011,122.232,43.235,ƒ⁄√…π≈ø∆∂˚«ﬂ◊Û“Ì∫Û∆Ï-ÕÀ-1-1,186.3,214.7,214.7,26,291.8,8.9,0,2011/5/1,2011/8/31,122,40.91148,5.16,1107.852,1107.852,1148.76348,0.00
104,2011,115.856,43.979,ƒ⁄√…π≈Œ˝¡÷∫∆Ãÿ –-…≥-10-3,30.4,85.4,68,27,198.1,13.6,25.5,2011/5/1,2011/8/31,122,6.67584,5.16,440.664,350.88,357.55584,23.24
105,2011,119.441,49.918,ƒ⁄√…π≈≥¬∞Õ∂˚ª¢∆Ï-ÕÀ-6-1,45.4,120,106.7,62,324.5,19.1,12.5,2011/5/1,2011/8/31,122,9.96984,5.16,619.2,550.572,560.54184,10.46
106,2011,118.16,48.952,ƒ⁄√…π≈–¬∞Õ∂˚ª¢◊Û∆Ï-ÕÀ-5-2,45.5,93.3,96,34,351.4,9.7,-2.8,2011/5/1,2011/8/31,122,9.9918,5.16,481.428,495.36,505.3518,0.00
107,2011,111.602,41.961,ƒ⁄√…π≈Àƒ◊”Õı∆Ï-…≥-10-1,15.4,9.3,6.7,45,136,33.1,39.9,2011/5/1,2011/8/31,122,3.38184,5.16,47.988,34.572,37.95384,26.44
108,2011,111.312,42.819,ƒ⁄√…π≈Àƒ◊”Õı∆Ï-…≥-3-2,15.4,17.3,13.3,11,88.1,12.5,30,2011/5/1,2011/8/31,122,3.38184,5.32,92.036,70.756,74.13784,24.14
109,2011,107.299,38.363,ƒ⁄√…π≈∂ıÕ–øÀ«∞∆Ï-ÕÀ-1-1,44.8,16.9,12.9,0,187.9,0,31.5,2011/5/1,2011/8/31,122,9.83808,5.32,89.908,68.628,78.46608,14.58
110,2011,119.067,43.732,ƒ⁄√…π≈∞Õ¡÷”“∆Ï-…≥-9-1,92.4,122.7,93.3,94,265.3,35.4,31.4,2011/5/1,2011/8/31,122,20.29104,5.16,633.132,481.428,501.71904,26.19
111,2011,109.192,41.373,ƒ⁄√…π≈Œ⁄¿≠Ãÿ÷–∆Ï-ÕÀ-3-2,34.7,34.7,26.7,42,129.7,32.4,30,2011/5/1,2011/8/31,122,7.62012,5.32,184.604,142.044,149.66412,23.35
112,2011,111.605,41.961,ƒ⁄√…π≈Àƒ◊”Õı∆Ï-…≥-10-2,15.4,10,7.3,46,136,33.8,36.4,2011/5/1,2011/8/31,122,3.38184,5.16,51.6,37.668,41.04984,25.70
113,2011,122.66,44.122,ƒ⁄√…π≈ø∆∂˚«ﬂ◊Û“Ì÷–∆Ï-ÕÀ-7-1,203.1,104,78,64,230.8,27.7,33.3,2011/5/1,2011/8/31,122,44.60076,5.16,536.64,402.48,447.08076,20.03
114,2011,111.312,42.983,ƒ⁄√…π≈Àƒ◊”Õı∆Ï-…≥-3-1,15.4,16,13.3,2,94.7,2.1,20,2011/5/1,2011/8/31,122,3.38184,5.32,85.12,70.756,74.13784,14.81
115,2011,119.77,48.807,ƒ⁄√…π≈∂ıŒ¬øÀ◊Â◊‘÷Œ∆Ï-ÕÀ-2-1,43.1,106.6,81.5,58,371,15.6,30.8,2011/5/1,2011/8/31,122,9.46476,5.16,550.056,420.54,430.00476,27.92
116,2011,118.177,44.877,ƒ⁄√…π≈Œ˜Œ⁄÷Èƒ¬«ﬂ∆Ï-…≥-4-4,29.3,98.7,76.1,56,355.6,15.7,29.8,2011/5/1,2011/8/31,122,6.43428,7.04,694.848,535.744,542.17828,28.16
117,2011,122.85,43.444,ƒ⁄√…π≈ø∆∂˚«ﬂ◊Û“Ì∫Û∆Ï-ÕÀ-9-3,186.3,183.3,191.3,35,290.3,12.1,-4.2,2011/5/1,2011/8/31,122,40.91148,5.16,945.828,987.108,1028.01948,0.00
118,2011,107.928,39.175,ƒ⁄√…π≈∂ıÕ–øÀ∆Ï-ÕÀ-10-10,34.9,38.7,30.9,8,133.2,6,25.2,2011/5/1,2011/8/31,122,7.66404,5.32,205.884,164.388,172.05204,19.66
119,2011,116.286,44.647,ƒ⁄√…π≈Œ˝¡÷∫∆Ãÿ –-…≥-2-1,30.4,143.4,118.1,17,222.6,7.6,21.5,2011/5/1,2011/8/31,122,6.67584,5.16,739.944,609.396,616.07184,20.11
120,2011,112.799,42.829,ƒ⁄√…π≈À’ƒ·Ãÿ”“∆Ï-…≥-5-1,12.9,28.2,23,8,119,6.7,22.6,2011/5/1,2011/8/31,122,2.83284,5.16,145.512,118.68,121.51284,19.75
121,2011,122.225,43.371,ƒ⁄√…π≈ø∆∂˚«ﬂ◊Û“Ì∫Û∆Ï-ÕÀ-8-2,186.3,163.3,172.7,39,304.5,12.8,-5.4,2011/5/1,2011/8/31,122,40.91148,5.16,842.628,891.132,932.04348,0.00
122,2011,112.252,44.233,ƒ⁄√…π≈À’ƒ·Ãÿ◊Û∆Ï-ÕÀ-2-1,15.7,17.4,14.1,29,98.9,29.3,23.7,2011/5/1,2011/8/31,122,3.44772,5.32,92.568,75.012,78.45972,17.98
123,2011,111.988,41.975,ƒ⁄√…π≈Àƒ◊”Õı∆Ï-…≥-1-2,15.4,77.3,65.3,7,180.9,3.9,18.4,2011/5/1,2011/8/31,122,3.38184,5.16,398.868,336.948,340.32984,17.20
124,2011,116.286,44.648,ƒ⁄√…π≈Œ˝¡÷∫∆Ãÿ –-…≥-2-2,30.4,141.4,115.4,17,222.6,7.6,22.5,2011/5/1,2011/8/31,122,6.67584,5.16,729.624,595.464,602.13984,21.17
125,2011,119.054,49.598,ƒ⁄√…π≈≥¬∞Õ∂˚ª¢∆Ï-ÕÀ-4-1,45.4,60,73.3,41,311.2,13.2,-18.2,2011/5/1,2011/8/31,122,9.96984,5.16,309.6,378.228,388.19784,0.00
126,2011,116.56,49.406,ƒ⁄√…π≈–¬∞Õ∂˚ª¢”“∆Ï-ÕÀ-7-1,32.7,185.4,180.7,43,287.6,15,2.6,2011/5/1,2011/8/31,122,7.18092,5.16,956.664,932.412,939.59292,1.82
127,2011,122.052,44.166,ƒ⁄√…π≈ø∆∂˚«ﬂ◊Û“Ì÷–∆Ï-ÕÀ-1-1,203.1,104,76,80,243.3,32.9,36.8,2011/5/1,2011/8/31,122,44.60076,5.16,536.64,392.16,436.76076,22.87
128,2011,121.578,44.247,ƒ⁄√…π≈ø∆∂˚«ﬂ◊Û“Ì÷–∆Ï-ÕÀ-4-2,203.1,108,74,31,255.3,12.1,45.9,2011/5/1,2011/8/31,122,44.60076,5.16,557.28,381.84,426.44076,30.68
129,2011,112.08,44.312,ƒ⁄√…π≈À’ƒ·Ãÿ◊Û∆Ï-ÕÀ-1-1,15.7,6.7,4.1,35,69.6,50.3,65.4,2011/5/1,2011/8/31,122,3.44772,5.32,35.644,21.812,25.25972,41.11
130,2011,121.581,44.246,ƒ⁄√…π≈ø∆∂˚«ﬂ◊Û“Ì÷–∆Ï-ÕÀ-4-1,203.1,116,84,18,268.8,6.7,38.1,2011/5/1,2011/8/31,122,44.60076,5.16,598.56,433.44,478.04076,25.21
131,2011,119.32,49.786,ƒ⁄√…π≈≥¬∞Õ∂˚ª¢∆Ï-ÕÀ-5-2,45.4,73.3,53.3,50,312.9,16,37.5,2011/5/1,2011/8/31,122,9.96984,5.16,378.228,275.028,284.99784,32.71
132,2011,119.32,49.786,ƒ⁄√…π≈≥¬∞Õ∂˚ª¢∆Ï-ÕÀ-5-22,45.4,73.3,53.3,50,312.9,16,37.5,2011/5/1,2011/8/31,122,9.96984,5.16,378.228,275.028,284.99784,32.71
133,2011,111.565,42.073,ƒ⁄√…π≈Àƒ◊”Õı∆Ï-…≥-9-2,15.4,30,20.7,66,120.6,54.7,45.1,2011/5/1,2011/8/31,122,3.38184,5.16,154.8,106.812,110.19384,40.48
134,2011,118.154,48.953,ƒ⁄√…π≈–¬∞Õ∂˚ª¢◊Û∆Ï-ÕÀ-5-1,45.5,165.3,98.7,124,259.6,47.8,67.6,2011/5/1,2011/8/31,122,9.9918,5.16,852.948,509.292,519.2838,64.25
135,2011,117.314,49.396,ƒ⁄√…π≈–¬∞Õ∂˚ª¢”“∆Ï-ÕÀ-2-1,32.7,107.5,126.7,42,269.5,15.6,-15.1,2011/5/1,2011/8/31,122,7.18092,5.16,554.7,653.772,660.95292,0.00
136,2011,112.443,43.838,ƒ⁄√…π≈À’ƒ·Ãÿ◊Û∆Ï-ÕÀ-5-1,15.7,8.1,4.7,22,72.2,30.5,70.6,2011/5/1,2011/8/31,122,3.44772,5.32,43.092,25.004,28.45172,51.46
137,2011,119.976,48.473,ƒ⁄√…π≈∂ıŒ¬øÀ◊Â◊‘÷Œ∆Ï-ÕÀ-5-1,43.1,184.7,126.1,118,441.1,26.8,46.4,2011/5/1,2011/8/31,122,9.46476,5.16,953.052,650.676,660.14076,44.37
138,2011,122.835,43.444,ƒ⁄√…π≈ø∆∂˚«ﬂ◊Û“Ì∫Û∆Ï-ÕÀ-9-2,186.3,170,152.7,59,264.2,22.3,11.4,2011/5/1,2011/8/31,122,40.91148,5.16,877.2,787.932,828.84348,5.83
139,2011,116.133,42.454,ƒ⁄√…π≈’˝¿∂∆Ï-…≥-3-2,43.1,128,86,85,317.2,26.8,48.8,2011/5/1,2011/8/31,122,9.46476,5.16,660.48,443.76,453.22476,45.73
140,2011,119.384,44.114,ƒ⁄√…π≈∞Õ¡÷◊Û∆Ï-…≥-9-3,174.9,27.3,14.7,125,283,44.2,86.3,2011/5/1,2011/8/31,122,38.40804,7.04,192.192,103.488,141.89604,35.45
141,2011,114.483,43.408,ƒ⁄√…π≈À’ƒ·Ãÿ◊Û∆Ï-ÕÀ-7-1,15.7,22.7,22.1,25,132.5,18.9,3,2011/5/1,2011/8/31,122,3.44772,5.16,117.132,114.036,117.48372,0.00
142,2011,122.846,43.444,ƒ⁄√…π≈ø∆∂˚«ﬂ◊Û“Ì∫Û∆Ï-ÕÀ-9-1,186.3,153,140,57,268.2,21.3,9.3,2011/5/1,2011/8/31,122,40.91148,5.16,789.48,722.4,763.31148,3.43
143,2011,112.119,43.778,ƒ⁄√…π≈À’ƒ·Ãÿ◊Û∆Ï-ÕÀ-4-1,15.7,9.4,4.7,37,74.7,49.5,98.7,2011/5/1,2011/8/31,122,3.44772,5.32,50.008,25.004,28.45172,75.76
144,2011,118.69,48.746,ƒ⁄√…π≈–¬∞Õ∂˚ª¢◊Û∆Ï-ÕÀ-9-1,45.5,75.7,51.2,64,316.3,20.2,47.9,2011/5/1,2011/8/31,122,9.9918,5.16,390.612,264.192,274.1838,42.46
145,2011,108.016,39.455,ƒ⁄√…π≈∂ıÕ–øÀ∆Ï-ÕÀ-5-5,34.9,47.5,37.1,1,130.9,0.8,28.1,2011/5/1,2011/8/31,122,7.66404,5.32,252.7,197.372,205.03604,23.25
146,2011,118.742,44.005,ƒ⁄√…π≈∞Õ¡÷”“∆Ï-…≥-10-10,92.4,139.3,91.3,81,355.9,22.8,52.6,2011/5/1,2011/8/31,122,20.29104,5.16,718.788,471.108,491.39904,46.27
147,2011,115.675,44.414,ƒ⁄√…π≈Œ˝¡÷∫∆Ãÿ –-…≥-6-3,30.4,134.7,102.7,14,192.2,7.3,31.2,2011/5/1,2011/8/31,122,6.67584,5.16,695.052,529.932,536.60784,29.53
148,2011,111.796,42.396,ƒ⁄√…π≈Àƒ◊”Õı∆Ï-…≥-2-1,15.4,29.3,21.3,15,149.2,10.1,37.5,2011/5/1,2011/8/31,122,3.38184,5.16,151.188,109.908,113.28984,33.45
149,2011,113.184,42.551,ƒ⁄√…π≈À’ƒ·Ãÿ”“∆Ï-…≥-8-1,12.9,25.9,17.1,31,139.9,22.2,51.9,2011/5/1,2011/8/31,122,2.83284,5.16,133.644,88.236,91.06884,46.75
150,2011,118.482,48.282,ƒ⁄√…π≈–¬∞Õ∂˚ª¢◊Û∆Ï-ÕÀ-7-2,45.5,48,50.7,67,285.8,23.4,-5.3,2011/5/1,2011/8/31,122,9.9918,5.16,247.68,261.612,271.6038,0.00
151,2011,114.502,43.092,ƒ⁄√…π≈À’ƒ·Ãÿ◊Û∆Ï-…≥-10-1,15.7,80.1,60.1,13,166.5,7.8,33.3,2011/5/1,2011/8/31,122,3.44772,5.16,413.316,310.116,313.56372,31.81
152,2011,114.502,43.094,ƒ⁄√…π≈À’ƒ·Ãÿ◊Û∆Ï-…≥-9-1,15.7,91.4,68.7,13,166.5,7.8,33,2011/5/1,2011/8/31,122,3.44772,5.16,471.624,354.492,357.93972,31.76
153,2011,107.674,37.996,ƒ⁄√…π≈∂ıÕ–øÀ«∞∆Ï-ÕÀ-10-1,44.8,70.1,49.9,21,204.8,10.3,40.3,2011/5/1,2011/8/31,122,9.83808,5.32,372.932,265.468,275.30608,35.46
154,2011,119.919,49.975,ƒ⁄√…π≈≥¬∞Õ∂˚ª¢∆Ï-ÕÀ-7-1,45.4,126.7,86.7,75,412.9,18.2,46.2,2011/5/1,2011/8/31,122,9.96984,5.16,653.772,447.372,457.34184,42.95
155,2011,117.339,43.163,ƒ⁄√…π≈øÀ ≤øÀÃ⁄∆Ï-ÕÀ-129-1,62.6,50.7,25.4,175,337.8,51.8,99.7,2011/5/1,2011/8/31,122,13.74696,5.16,261.612,131.064,144.81096,80.66
156,2011,115.638,43.855,ƒ⁄√…π≈Œ˝¡÷∫∆Ãÿ –-…≥-1-1,30.4,136.1,131.4,45,172,26.2,3.6,2011/5/1,2011/8/31,122,6.67584,5.16,702.276,678.024,684.69984,2.57
157,2011,122.225,43.371,ƒ⁄√…π≈ø∆∂˚«ﬂ◊Û“Ì∫Û∆Ï-ÕÀ-8-3,186.3,210,238,69,274.1,25.2,-11.8,2011/5/1,2011/8/31,122,40.91148,5.16,1083.6,1228.08,1268.99148,0.00
158,2011,111.12,42.615,ƒ⁄√…π≈Àƒ◊”Õı∆Ï-…≥-7-1,15.4,16,10.7,13,96.5,13.5,50,2011/5/1,2011/8/31,122,3.38184,5.32,85.12,56.924,60.30584,41.15
159,2011,115.637,43.855,ƒ⁄√…π≈Œ˝¡÷∫∆Ãÿ –-…≥-1-2,30.4,133.4,132.7,45,172,26.2,0.5,2011/5/1,2011/8/31,122,6.67584,5.16,688.344,684.732,691.40784,0.00
160,2011,119.303,47.726,ƒ⁄√…π≈–¬∞Õ∂˚ª¢◊Û∆Ï-ÕÀ-1-1,45.5,65.1,32,201,321.9,62.4,103.3,2011/5/1,2011/8/31,122,9.9918,5.16,335.916,165.12,175.1118,91.83
161,2012,109.195,41.6,N85-W-4-1,43.8,31.3,31.7,0,261.5,0,-1.1,2012/5/1,2012/8/31,122,9.61848,5.32,166.516,168.644,178.26248,0.00
162,2012,118.085,48.844,N885-W-8-1,82.7,66.7,63.3,0,332.2,0,5.3,2012/5/1,2012/8/31,122,18.16092,5.16,344.172,326.628,344.78892,0.00
163,2012,115.694,44.207,N2210-S-5-2,72.2,154.7,230.7,0,393.8,0,-32.9,2012/5/1,2012/8/31,122,15.85512,5.16,798.252,1190.412,1206.26712,0.00
164,2012,116.459,43.203,N2210-S-2-1,164.2,175.3,175.3,1,419.3,0.2,0,2012/5/1,2012/8/31,122,36.05832,5.16,904.548,904.548,940.60632,0.00
165,2012,118.72,49.424,N876-W-5-2,73.6,64,51.3,42,286.3,14.7,24.7,2012/5/1,2012/8/31,122,16.16256,5.16,330.24,264.708,280.87056,17.58
166,2012,120.165,48.896,N879-W-8-2,74.7,120.8,89.3,117,411.9,28.4,35.3,2012/5/1,2012/8/31,122,16.40412,5.16,623.328,460.788,477.19212,30.62
167,2012,118.672,42.886,N376-S-25-1,243.3,96,77.8,16,368.1,4.3,23.4,2012/5/1,2012/8/31,122,53.42868,5.16,495.36,401.448,454.87668,8.90
168,2012,111.562,42.073,N2123-S-8-1,45.8,54.2,33.8,88,174.9,50.3,60.4,2012/5/1,2012/8/31,122,10.05768,5.16,279.672,174.408,184.46568,51.61
169,2012,119.449,49.632,N876-W-9-2,73.6,84,92,5,379.9,1.3,-8.7,2012/5/1,2012/8/31,122,16.16256,5.16,433.44,474.72,490.88256,0.00
170,2012,115.802,44.5,N2210-S-8-3,72.2,252,218,36,297.4,12.1,15.6,2012/5/1,2012/8/31,122,15.85512,5.16,1300.32,1124.88,1140.73512,13.99
171,2012,117.201,43.665,N372-W-32-1,164.2,39.3,22,124,440.8,28.1,78.8,2012/5/1,2012/8/31,122,36.05832,5.16,202.788,113.52,149.57832,35.57
172,2012,115.691,44.204,N2210-S-5-1,72.2,153.3,226.7,6,368.7,1.6,-32.4,2012/5/1,2012/8/31,122,15.85512,5.16,791.028,1169.772,1185.62712,0.00
173,2012,107.194,38.511,N499-W-2-1,119,91,78.3,15,258.9,5.8,16.2,2012/5/1,2012/8/31,122,26.1324,5.32,484.12,416.556,442.6884,9.36
174,2012,117.071,47.939,N884-W-8-1,67.7,83.5,73.3,19,287.1,6.6,13.9,2012/5/1,2012/8/31,122,14.86692,5.16,430.86,378.228,393.09492,9.61
175,2012,115.055,43.567,N2202-S-8-1,63.9,63.3,50,41,249.8,16.4,26.7,2012/5/1,2012/8/31,122,14.03244,5.16,326.628,258,272.03244,20.07
176,2012,107.294,38.362,N499-W-5-1,119,57.5,53.9,7,288,2.4,6.8,2012/5/1,2012/8/31,122,26.1324,5.32,305.9,286.748,312.8804,0.00
177,2012,115.805,44.499,N2210-S-8-1,72.2,249.3,223.3,36,297.4,12.1,11.6,2012/5/1,2012/8/31,122,15.85512,5.16,1286.388,1152.228,1168.08312,10.13
178,2012,108.965,38.663,N501-W-1-1,103.7,60.4,53.3,0,279.5,0,13.3,2012/5/1,2012/8/31,122,22.77252,5.32,321.328,283.556,306.32852,4.90
179,2012,122.353,43.298,N2042-W-37-2,189.5,154.7,120,49,310.6,15.8,28.9,2012/5/1,2012/8/31,122,41.6142,5.16,798.252,619.2,660.8142,20.80
180,2012,117.201,43.469,N372-S-7-1,164.2,68,39.3,159,420.6,37.8,72.9,2012/5/1,2012/8/31,122,36.05832,5.16,350.88,202.788,238.84632,46.91
181,2012,112.675,42.831,N2206-S-1-2,39.6,28.7,22.9,19,166.2,11.4,25.3,2012/5/1,2012/8/31,122,8.69616,5.16,148.092,118.164,126.86016,16.74
182,2012,117.488,44.619,N2209-S-8-1,70.3,82.7,60,95,360.8,26.3,37.8,2012/5/1,2012/8/31,122,15.43788,5.16,426.732,309.6,325.03788,31.29
183,2012,111.316,42.987,N2123-S-18-2,45.8,34,24.9,25,119,21,36.7,2012/5/1,2012/8/31,122,10.05768,5.32,180.88,132.468,142.52568,26.91
184,2012,115.806,43.991,N2210-S-1-2,72.2,151.3,250,13,363.5,3.6,-39.5,2012/5/1,2012/8/31,122,15.85512,5.16,780.708,1290,1305.85512,0.00
185,2012,115.811,43.986,N2210-S-1-3,72.2,144.7,244,13,365.9,3.6,-40.7,2012/5/1,2012/8/31,122,15.85512,5.16,746.652,1259.04,1274.89512,0.00
186,2012,114.421,42.446,N2211-S-3-3,67.6,35.4,24.3,62,205.3,30.2,45.9,2012/5/1,2012/8/31,122,14.84496,5.16,182.664,125.388,140.23296,30.26
187,2012,116.457,43.202,N2210-S-2-3,164.2,177.3,180,16,400.8,4,-1.5,2012/5/1,2012/8/31,122,36.05832,5.16,914.868,928.8,964.85832,0.00
188,2012,118.78,47.863,N885-W-3-3,82.7,112,117.3,18,416.1,4.3,-4.5,2012/5/1,2012/8/31,122,18.16092,5.16,577.92,605.268,623.42892,0.00
189,2012,112.675,42.831,N2206-S-1-1,39.6,32.5,25.9,19,166.2,11.4,25.5,2012/5/1,2012/8/31,122,8.69616,5.16,167.7,133.644,142.34016,17.82
190,2012,115.677,44.106,N2210-S-4-2,72.2,255.3,226.7,49,326.2,15,12.6,2012/5/1,2012/8/31,122,15.85512,5.16,1317.348,1169.772,1185.62712,11.11
191,2012,122.575,44.105,N2043-W-2-1,203.1,46.9,15.9,152,221.5,68.6,195.7,2012/5/1,2012/8/31,122,44.60076,5.16,242.004,82.044,126.64476,91.09
192,2012,108.565,41.821,N85-W-5-3,43.8,32,23.3,52,176.5,29.5,37.2,2012/5/1,2012/8/31,122,9.61848,5.32,170.24,123.956,133.57448,27.45
193,2012,122.214,43.228,N2042-W-2-1,189.5,73.3,53.3,34,333.6,10.2,37.5,2012/5/1,2012/8/31,122,41.6142,5.16,378.228,275.028,316.6422,19.45
194,2012,122.331,44.201,N2043-W-5-3,203.1,36.1,12,141,233.6,60.4,201.1,2012/5/1,2012/8/31,122,44.60076,5.16,186.276,61.92,106.52076,74.87
195,2012,107.929,39.151,N498-W-10-10,53.1,53.1,45.9,35,251.3,13.9,15.5,2012/5/1,2012/8/31,122,11.66076,5.32,282.492,244.188,255.84876,10.41
196,2012,111.564,42.076,N2123-S-8-3,45.8,56.2,36.2,88,174.9,50.3,55.2,2012/5/1,2012/8/31,122,10.05768,5.16,289.992,186.792,196.84968,47.32
197,2012,115.804,44.497,N2210-S-8-2,72.2,244.7,228,1,329.5,0.3,7.3,2012/5/1,2012/8/31,122,15.85512,5.16,1262.652,1176.48,1192.33512,5.90
198,2012,120.307,44.929,N2046-W-5-1,128.5,144,106.7,100,425.4,23.5,35,2012/5/1,2012/8/31,122,28.2186,7.04,1013.76,751.168,779.3866,30.07
199,2012,109.198,41.602,N85-W-4-2,43.8,36.7,35.3,12,223.6,5.4,3.8,2012/5/1,2012/8/31,122,9.61848,5.32,195.244,187.796,197.41448,0.00
200,2012,118.649,47.969,N885-W-6-3,82.7,74.7,62.7,60,363.6,16.5,19.1,2012/5/1,2012/8/31,122,18.16092,5.16,385.452,323.532,341.69292,12.81
201,2012,116.461,43.206,N2210-S-2-2,164.2,173.3,173.3,22,398.4,5.5,0,2012/5/1,2012/8/31,122,36.05832,5.16,894.228,894.228,930.28632,0.00
202,2012,115.689,44.202,N2210-S-5-3,72.2,154,224,20,355.1,5.6,-31.2,2012/5/1,2012/8/31,122,15.85512,5.16,794.64,1155.84,1171.69512,0.00
203,2012,118.774,49.553,N876-W-6-2,73.6,94,73.3,50,315.1,15.9,28.2,2012/5/1,2012/8/31,122,16.16256,5.16,485.04,378.228,394.39056,22.98
204,2012,122.359,43.297,N2042-W-37-3,189.5,146.7,122.7,49,310.6,15.8,19.6,2012/5/1,2012/8/31,122,41.6142,5.16,756.972,633.132,674.7462,12.19
205,2012,108.437,41.591,N85-W-1-1,43.8,42,31.3,37,192.9,19.2,34.1,2012/5/1,2012/8/31,122,9.61848,5.32,223.44,166.516,176.13448,26.86
206,2012,111.642,41.969,N2123-S-7-2,45.8,61.3,45.5,50,227.8,21.9,34.7,2012/5/1,2012/8/31,122,10.05768,5.16,316.308,234.78,244.83768,29.19
207,2012,115.673,44.11,N2210-S-4-1,72.2,256,230,51,326.4,15.6,11.3,2012/5/1,2012/8/31,122,15.85512,5.16,1320.96,1186.8,1202.65512,9.84
208,2012,108.436,41.589,N85-W-1-3,43.8,34.7,30.7,24,206.4,11.6,13,2012/5/1,2012/8/31,122,9.61848,5.32,184.604,163.324,172.94248,6.74
209,2012,112.442,43.838,N2207-S-4-1,30.6,29.3,24.7,7,152.8,4.6,18.9,2012/5/1,2012/8/31,122,6.71976,5.32,155.876,131.404,138.12376,12.85
210,2012,115.672,44.112,N2210-S-4-3,72.2,256,230.7,53,324.1,16.4,11,2012/5/1,2012/8/31,122,15.85512,5.16,1320.96,1190.412,1206.26712,9.51
211,2012,119.51,49.619,N876-W-8-1,73.6,79.3,64,30,340.8,8.8,24,2012/5/1,2012/8/31,122,16.16256,5.16,409.188,330.24,346.40256,18.12
212,2012,118.849,48.991,N876-W-1-1,73.6,106.7,92.7,8,334.4,2.4,15.1,2012/5/1,2012/8/31,122,16.16256,5.16,550.572,478.332,494.49456,11.34
213,2012,115.809,43.989,N2210-S-1-1,72.2,148,245.3,29,349.8,8.3,-39.7,2012/5/1,2012/8/31,122,15.85512,5.16,763.68,1265.748,1281.60312,0.00
214,2012,114.498,43.098,N2207-S-1-1,30.6,32.7,29.3,29,204.2,14.2,11.4,2012/5/1,2012/8/31,122,6.71976,5.16,168.732,151.188,157.90776,6.85
215,2012,119.509,49.619,N876-W-8-2,73.6,54.7,56,30,340.8,8.8,-2.4,2012/5/1,2012/8/31,122,16.16256,5.16,282.252,288.96,305.12256,0.00
216,2012,119.509,49.619,N876-W-8-3,73.6,66,80,30,340.8,8.8,-17.5,2012/5/1,2012/8/31,122,16.16256,5.16,340.56,412.8,428.96256,0.00
217,2012,120.165,48.896,N879-W-8-1,74.7,106.5,73.4,117,411.9,28.4,45.1,2012/5/1,2012/8/31,122,16.40412,5.16,549.54,378.744,395.14812,39.07
218,2012,118.546,48.797,N885-W-1-1,82.7,97.3,74.7,41,302,13.6,30.3,2012/5/1,2012/8/31,122,18.16092,5.16,502.068,385.452,403.61292,24.39
219,2012,117.522,44.639,N2209-S-7-1,70.3,89.3,70,107,350,30.6,27.6,2012/5/1,2012/8/31,122,15.43788,5.16,460.788,361.2,376.63788,22.34
220,2012,114.434,44.33,N2202-S-1-1,63.9,128,87.3,80,257.4,31.1,46.6,2012/5/1,2012/8/31,122,14.03244,5.16,660.48,450.468,464.50044,42.19
221,2012,108.518,41.495,N85-S-2-1,43.8,32.3,31.7,22,219.1,10,2.1,2012/5/1,2012/8/31,122,9.61848,5.32,171.836,168.644,178.26248,0.00
222,2012,122.248,43.027,N2042-W-22-1,189.5,149.3,208,34,337.1,10.1,-28.2,2012/5/1,2012/8/31,122,41.6142,5.16,770.388,1073.28,1114.8942,0.00
223,2012,122.249,43.027,N2042-W-22-3,189.5,160,213.3,34,337.1,10.1,-25,2012/5/1,2012/8/31,122,41.6142,5.16,825.6,1100.628,1142.2422,0.00
224,2012,119.066,43.039,N376-S-16-1,243.3,85.2,52.5,109,276.4,39.4,62.3,2012/5/1,2012/8/31,122,53.42868,5.16,439.632,270.9,324.32868,35.55
225,2012,122.214,43.229,N2042-W-2-2,189.5,133.3,128,34,333.6,10.2,4.2,2012/5/1,2012/8/31,122,41.6142,5.16,687.828,660.48,702.0942,0.00
226,2012,112.326,42.195,N2123-S-10-1,45.8,25.1,23.8,24,226,10.6,5.6,2012/5/1,2012/8/31,122,10.05768,5.16,129.516,122.808,132.86568,0.00
227,2012,112.329,42.196,N2123-S-10-2,45.8,21.8,19.8,24,226,10.6,10.1,2012/5/1,2012/8/31,122,10.05768,5.16,112.488,102.168,112.22568,0.23
228,2012,116.526,43.962,N2210-S-3-2,72.2,224.7,190.7,17,411.2,4.1,17.8,2012/5/1,2012/8/31,122,15.85512,5.16,1159.452,984.012,999.86712,15.96
229,2012,119.786,48.848,N879-W-2-3,74.7,72.7,59.7,87,342.2,25.4,21.9,2012/5/1,2012/8/31,122,16.40412,5.16,375.132,308.052,324.45612,15.62
230,2012,107.879,39.272,N498-W-5-5,53.1,50.5,45.3,37,225.2,16.4,11.5,2012/5/1,2012/8/31,122,11.66076,5.32,268.66,240.996,252.65676,6.33
231,2012,116.528,43.962,N2210-S-3-3,72.2,228.7,193.3,17,411.2,4.1,18.3,2012/5/1,2012/8/31,122,15.85512,5.16,1180.092,997.428,1013.28312,16.46
232,2012,108.564,41.822,N85-W-5-2,43.8,38,30,52,176.5,29.5,26.7,2012/5/1,2012/8/31,122,9.61848,5.32,202.16,159.6,169.21848,19.47
233,2012,122.249,43.027,N2042-W-22-2,189.5,293.3,229.3,34,337.1,10.1,27.9,2012/5/1,2012/8/31,122,41.6142,5.16,1513.428,1183.188,1224.8022,23.57
234,2012,122.154,43.279,N2042-W-6-2,189.5,120,77.3,143,291,49.1,55.2,2012/5/1,2012/8/31,122,41.6142,5.16,619.2,398.868,440.4822,40.57
235,2012,116.53,43.966,N2210-S-3-1,72.2,226.7,192,14,419.1,3.3,18.1,2012/5/1,2012/8/31,122,15.85512,5.16,1169.772,990.72,1006.57512,16.21
236,2012,116.829,43.299,N372-S-28-1,164.2,26.7,94.7,49,381.8,12.8,-71.8,2012/5/1,2012/8/31,122,36.05832,5.16,137.772,488.652,524.71032,0.00
237,2012,118.709,48.508,N885-W-9-1,82.7,93.3,73.3,25,367.2,6.8,27.3,2012/5/1,2012/8/31,122,18.16092,5.16,481.428,378.228,396.38892,21.45
238,2012,118.932,49.347,N876-W-4-2,73.6,80,66.7,0,343.1,0,20,2012/5/1,2012/8/31,122,16.16256,5.16,412.8,344.172,360.33456,14.56
239,2012,115.578,42.509,N2212-S-8-2,104.4,85.4,84.7,44,331.9,13.3,0.8,2012/5/1,2012/8/31,122,22.92624,5.16,440.664,437.052,459.97824,0.00
240,2012,121.425,44.32,N2043-W-10-3,203.1,37.8,19.7,27,298.5,9,92.2,2012/5/1,2012/8/31,122,44.60076,5.16,195.048,101.652,146.25276,33.36
241,2012,119.792,48.881,N879-W-1-2,74.7,49.6,43.2,67,359.7,18.6,14.8,2012/5/1,2012/8/31,122,16.40412,5.16,255.936,222.912,239.31612,6.94
242,2012,119.67,48.493,N879-W-5-1,74.7,78.4,55.8,68,404.5,16.8,40.5,2012/5/1,2012/8/31,122,16.40412,5.16,404.544,287.928,304.33212,32.93
243,2012,114.988,44.106,N2202-S-6-1,63.9,163.3,130,26,324.6,8,25.6,2012/5/1,2012/8/31,122,14.03244,5.16,842.628,670.8,684.83244,23.04
244,2012,117.334,48.587,N884-W-4-1,67.7,75.8,70.2,45,264.2,17,7.9,2012/5/1,2012/8/31,122,14.86692,5.16,391.128,362.232,377.09892,3.72
245,2012,122.066,42.839,N2042-W-20-2,189.5,96.3,74.7,97,349.9,27.7,28.9,2012/5/1,2012/8/31,122,41.6142,5.16,496.908,385.452,427.0662,16.35
246,2012,118.719,49.424,N876-W-5-3,73.6,65.3,96,42,286.3,14.7,-31.9,2012/5/1,2012/8/31,122,16.16256,5.16,336.948,495.36,511.52256,0.00
247,2012,117.202,43.665,N372-S-30-1,164.2,47.3,24,124,440.8,28.1,97.2,2012/5/1,2012/8/31,122,36.05832,5.16,244.068,123.84,159.89832,52.64
248,2012,118.931,49.348,N876-W-4-1,73.6,96.7,80,0,343.1,0,20.8,2012/5/1,2012/8/31,122,16.16256,5.16,498.972,412.8,428.96256,16.32
249,2012,122.349,43.296,N2042-W-37-1,189.5,149.3,101.3,55,305.7,18,47.4,2012/5/1,2012/8/31,122,41.6142,5.16,770.388,522.708,564.3222,36.52
250,2012,111.566,42.073,N2123-S-8-2,45.8,61.8,34.7,88,174.9,50.3,78.3,2012/5/1,2012/8/31,122,10.05768,5.16,318.888,179.052,189.10968,68.63
251,2012,110.92,43.011,N2123-S-21-3,45.8,38.5,29.5,40,109.6,36.5,30.3,2012/5/1,2012/8/31,122,10.05768,5.32,204.82,156.94,166.99768,22.65
252,2012,116.263,47.959,N884-W-5-1,67.7,218.5,153.8,59,259.6,22.7,42.1,2012/5/1,2012/8/31,122,14.86692,5.16,1127.46,793.608,808.47492,39.46
253,2012,119.637,49.979,N876-W-3-3,73.6,91.3,80,88,356.5,24.7,14.2,2012/5/1,2012/8/31,122,16.16256,5.16,471.108,412.8,428.96256,9.82
254,2012,114.22,44.636,N2202-S-4-1,63.9,121.3,95.3,20,309.3,6.5,27.3,2012/5/1,2012/8/31,122,14.03244,5.16,625.908,491.748,505.78044,23.75
255,2012,118.649,47.968,N885-W-6-2,82.7,74.7,74.7,60,363.6,16.5,0,2012/5/1,2012/8/31,122,18.16092,5.16,385.452,385.452,403.61292,0.00
256,2012,107.123,38.577,N499-W-3-1,119,69.6,58.9,49,206.4,23.7,18.2,2012/5/1,2012/8/31,122,26.1324,5.32,370.272,313.348,339.4804,9.07
257,2012,118.188,48.985,N885-W-4-1,82.7,64,76.8,47,273.5,17.2,-16.7,2012/5/1,2012/8/31,122,18.16092,5.16,330.24,396.288,414.44892,0.00
258,2012,107.397,39.247,N498-W-8-8,53.1,51.1,49.7,36,208.5,17.3,2.9,2012/5/1,2012/8/31,122,11.66076,5.32,271.852,264.404,276.06476,0.00
259,2012,118.662,43.287,N368-S-8-8,194.1,60,30.7,89,322.7,27.6,95.6,2012/5/1,2012/8/31,122,42.62436,5.16,309.6,158.412,201.03636,54.00
260,2012,119.786,48.848,N879-W-2-2,74.7,69.3,60,87,342.2,25.4,15.5,2012/5/1,2012/8/31,122,16.40412,5.16,357.588,309.6,326.00412,9.69
261,2012,114.58,44.065,N2202-S-10-1,63.9,101.3,70,51,252.2,20.2,44.8,2012/5/1,2012/8/31,122,14.03244,5.16,522.708,361.2,375.23244,39.30
262,2012,119.705,48.514,N879-W-6-2,74.7,83.3,74,94,387.2,24.3,12.6,2012/5/1,2012/8/31,122,16.40412,5.16,429.828,381.84,398.24412,7.93
263,2012,118.644,48.478,N885-W-10-3,82.7,120,96.7,2,382.4,0.5,24.1,2012/5/1,2012/8/31,122,18.16092,5.16,619.2,498.972,517.13292,19.74
264,2012,119.792,48.881,N879-W-1-1,74.7,45.4,69.1,67,359.7,18.6,-34.3,2012/5/1,2012/8/31,122,16.40412,5.16,234.264,356.556,372.96012,0.00
265,2012,119.792,48.881,N879-W-1-3,74.7,54.2,72,67,359.7,18.6,-24.7,2012/5/1,2012/8/31,122,16.40412,5.16,279.672,371.52,387.92412,0.00
266,2012,118.751,47.885,N885-W-7-1,82.7,166.4,128,27,402.1,6.7,30,2012/5/1,2012/8/31,122,18.16092,5.16,858.624,660.48,678.64092,26.52
267,2012,119.117,48.75,N879-W-7-1,74.7,55.7,34.6,159,252.8,62.9,61.1,2012/5/1,2012/8/31,122,16.40412,5.16,287.412,178.536,194.94012,47.44
268,2012,119.705,48.514,N879-W-6-1,74.7,80,71.3,98,387.2,25.3,12.2,2012/5/1,2012/8/31,122,16.40412,5.16,412.8,367.908,384.31212,7.41
269,2012,123.246,43.075,N2042-W-29-2,189.5,69.3,50.7,107,326.2,32.8,36.8,2012/5/1,2012/8/31,122,41.6142,5.16,357.588,261.612,303.2262,17.93
270,2012,109.118,39.968,N500-W-7-1,88.3,21.3,20,39,200,19.5,6.6,2012/5/1,2012/8/31,122,19.39068,5.32,113.316,106.4,125.79068,0.00
271,2012,121.548,45.133,N2304-W-7-3,160.5,91.1,86.7,59,301.5,19.6,5.1,2012/5/1,2012/8/31,122,35.2458,7.04,641.344,610.368,645.6138,0.00
272,2012,119.182,45.072,N366-S-3-1,239,74.7,82.1,91,459,19.8,-9.1,2012/5/1,2012/8/31,122,52.4844,7.04,525.888,577.984,630.4684,0.00
273,2012,119.24,49.584,N876-W-10-1,73.6,128,84,79,316.5,25,52.4,2012/5/1,2012/8/31,122,16.16256,5.16,660.48,433.44,449.60256,46.90
274,2012,118.751,47.884,N885-W-7-3,82.7,117.3,87.5,28,401.7,7,34.1,2012/5/1,2012/8/31,122,18.16092,5.16,605.268,451.5,469.66092,28.87
275,2012,110.917,43.012,N2123-S-21-1,45.8,34.5,27.3,40,109.5,36.5,26.1,2012/5/1,2012/8/31,122,10.05768,5.32,183.54,145.236,155.29368,18.19
276,2012,118.484,48.025,N885-W-5-2,82.7,64,59.2,71,338.7,21,8.1,2012/5/1,2012/8/31,122,18.16092,5.16,330.24,305.472,323.63292,2.04
277,2012,119.637,49.98,N876-W-3-1,73.6,104.7,96.7,88,356.5,24.7,8.3,2012/5/1,2012/8/31,122,16.16256,5.16,540.252,498.972,515.13456,4.88
278,2012,118.721,49.424,N876-W-5-1,73.6,83.3,57.3,42,286.3,14.7,45.4,2012/5/1,2012/8/31,122,16.16256,5.16,429.828,295.668,311.83056,37.84
279,2012,120.108,45.099,N2046-W-4-1,128.5,128,74.7,159,407.6,39,71.4,2012/5/1,2012/8/31,122,28.2186,7.04,901.12,525.888,554.1066,62.63
280,2012,122.379,44.136,N2043-W-3-3,203.1,50.1,24.7,56,313.4,17.9,102.7,2012/5/1,2012/8/31,122,44.60076,5.16,258.516,127.452,172.05276,50.25
281,2012,118.572,42.878,N376-S-20-1,243.3,273.9,180.7,64,340.3,18.8,51.6,2012/5/1,2012/8/31,122,53.42868,5.16,1413.324,932.412,985.84068,43.36
282,2012,116.591,48.687,N884-W-1-1,67.7,87.8,67.9,0,320,0,29.3,2012/5/1,2012/8/31,122,14.86692,5.16,453.048,350.364,365.23092,24.04
283,2012,119.142,43.347,N368-S-7-7,194.1,128,86.7,29,331.4,8.8,47.7,2012/5/1,2012/8/31,122,42.62436,5.16,660.48,447.372,489.99636,34.79
284,2012,114.419,42.444,N2211-S-3-2,67.6,40.5,23.1,59,208.9,28.2,75.7,2012/5/1,2012/8/31,122,14.84496,5.16,208.98,119.196,134.04096,55.91
285,2012,111.639,41.97,N2123-S-7-1,45.8,65.1,44.9,35,243.3,14.4,45.2,2012/5/1,2012/8/31,122,10.05768,5.16,335.916,231.684,241.74168,38.96
286,2012,119.949,49.949,N876-W-2-3,73.6,126.7,85.3,73,388.3,18.8,48.4,2012/5/1,2012/8/31,122,16.16256,5.16,653.772,440.148,456.31056,43.27
287,2012,116.059,44.473,N2210-S-6-2,72.2,101.3,134,67,284.4,23.6,-24.4,2012/5/1,2012/8/31,122,15.85512,5.16,522.708,691.44,707.29512,0.00
288,2012,117.229,43.351,N372-S-10-0,164.2,57.3,29.3,118,459.8,25.7,95.5,2012/5/1,2012/8/31,122,36.05832,5.16,295.668,151.188,187.24632,57.90
289,2012,116.064,44.479,N2210-S-6-3,72.2,103.3,133.3,68,283.8,24,-22.5,2012/5/1,2012/8/31,122,15.85512,5.16,533.028,687.828,703.68312,0.00
290,2012,119.118,48.751,N879-W-7-3,74.7,54.7,35.3,159,252.8,62.9,54.7,2012/5/1,2012/8/31,122,16.40412,5.16,282.252,182.148,198.55212,42.16
291,2012,114.54,43.098,N2207-S-2-1,30.6,38,33.3,60,182.8,32.8,14,2012/5/1,2012/8/31,122,6.71976,5.16,196.08,171.828,178.54776,9.82
292,2012,119.705,48.514,N879-W-6-3,74.7,54.5,53.7,94,387.2,24.3,1.5,2012/5/1,2012/8/31,122,16.40412,5.16,281.22,277.092,293.49612,0.00
293,2012,115.299,44.28,N2202-S-2-2,63.9,165.3,129.3,0,392.7,0,27.8,2012/5/1,2012/8/31,122,14.03244,5.16,852.948,667.188,681.22044,25.21
294,2012,119.637,49.979,N876-W-3-2,73.6,80,76.7,88,356.5,24.7,4.3,2012/5/1,2012/8/31,122,16.16256,5.16,412.8,395.772,411.93456,0.21
295,2012,118.709,48.508,N885-W-9-2,82.7,133.3,96.7,25,367.2,6.8,37.9,2012/5/1,2012/8/31,122,18.16092,5.16,687.828,498.972,517.13292,33.01
296,2012,119.787,48.847,N879-W-2-1,74.7,42.3,54.9,87,342.2,25.4,-22.9,2012/5/1,2012/8/31,122,16.40412,5.16,218.268,283.284,299.68812,0.00
297,2012,119.449,49.631,N876-W-9-3,73.6,104,78,5,379.9,1.3,33.3,2012/5/1,2012/8/31,122,16.16256,5.16,536.64,402.48,418.64256,28.19
298,2012,119.449,49.632,N876-W-9-1,73.6,126,92,19,363.3,5.2,37,2012/5/1,2012/8/31,122,16.16256,5.16,650.16,474.72,490.88256,32.45
299,2013,113.924,42.065,N2211-W-2-1,79.3,97.7,104,0,378.3,0,-6,2013/5/1,2013/8/31,122,17.41428,5.16,504.132,536.64,554.05428,0.00
300,2013,113.924,42.065,N2211-W-2-2,79.3,94.7,104,0,378.3,0,-9,2013/5/1,2013/8/31,122,17.41428,5.16,488.652,536.64,554.05428,0.00
301,2013,114.537,43.388,N2207-S-9-9,35.7,44.7,32.7,46,156.1,29.5,36.7,2013/5/1,2013/8/31,122,7.83972,5.16,230.652,168.732,176.57172,30.63
302,2013,116.6,43.938,N2210-S-6-1,80.9,129.3,126,3,412,0.7,2.6,2013/5/1,2013/8/31,122,17.76564,5.16,667.188,650.16,667.92564,0.00
303,2013,116.599,43.938,N2210-S-6-2,80.9,126,122,3,412,0.7,3.3,2013/5/1,2013/8/31,122,17.76564,5.16,650.16,629.52,647.28564,0.44
304,2013,116.6,43.938,N2210-S-6-3,80.9,132,130,3,412,0.7,1.5,2013/5/1,2013/8/31,122,17.76564,5.16,681.12,670.8,688.56564,0.00
305,2013,106.756,38.479,N499-W-4-1,138.7,75.1,57.9,24,152.8,15.7,29.7,2013/5/1,2013/8/31,122,30.45852,5.32,399.532,308.028,338.48652,18.03
306,2013,114.594,43.071,N2207-S-10-10,35.7,36,24,66,174.1,37.9,50,2013/5/1,2013/8/31,122,7.83972,5.16,185.76,123.84,131.67972,41.07
307,2013,119.091,44.608,N369-S-6-3,333.4,166.7,133.3,64,523.8,12.2,25,2013/5/1,2013/8/31,122,73.21464,7.04,1173.568,938.432,1011.64664,16.01
308,2013,118.715,48.509,N885-W-9-1,83.1,64,56,29,404.1,7.2,14.3,2013/5/1,2013/8/31,122,18.24876,5.16,330.24,288.96,307.20876,7.50
309,2013,118.797,49.628,N876-W-8-1,65.1,149.3,141.3,21,443.1,4.7,5.7,2013/5/1,2013/8/31,122,14.29596,5.16,770.388,729.108,743.40396,3.63
310,2013,116.591,48.687,N884-W-2-1,68.8,153.9,138.2,34,333.8,10.2,11.4,2013/5/1,2013/8/31,122,15.10848,5.16,794.124,713.112,728.22048,9.05
311,2013,111.129,42.607,N2123-S-8-1,36.9,8.2,4.7,28,111.9,25,75.6,2013/5/1,2013/8/31,122,8.10324,5.32,43.624,25.004,33.10724,31.77
312,2013,108.574,41.719,N85-W-6-1,51.4,30.5,22.7,21,118.8,17.7,34.4,2013/5/1,2013/8/31,122,11.28744,5.32,162.26,120.764,132.05144,22.88
313,2013,118.71,48.509,N885-W-9-3,83.1,72,64,10,421.2,2.4,12.5,2013/5/1,2013/8/31,122,18.24876,5.16,371.52,330.24,348.48876,6.61
314,2013,118.083,48.844,N885-W-8-2,83.1,17.3,12,3,363.9,0.8,44.4,2013/5/1,2013/8/31,122,18.24876,5.16,89.268,61.92,80.16876,11.35
315,2013,117.493,44.626,N2209-S-8-3,85,154.7,128.7,72,348,20.7,20.2,2013/5/1,2013/8/31,122,18.666,5.16,798.252,664.092,682.758,16.92
316,2013,115.903,42.752,N2212-S-4-2,114.7,88,68,48,351.7,13.6,29.4,2013/5/1,2013/8/31,122,25.18812,5.16,454.08,350.88,376.06812,20.74
317,2013,117.449,44.094,N372-W-8-1,160,46,35.3,44,483.3,9.1,30.2,2013/5/1,2013/8/31,122,35.136,5.16,237.36,182.148,217.284,9.24
318,2013,117.091,42.593,N372-W-43-1,160,56,39.3,55,479.8,11.5,42.4,2013/5/1,2013/8/31,122,35.136,5.16,288.96,202.788,237.924,21.45
319,2013,113.604,43.791,N2207-W-3-3,35.7,10,6.7,27,129.6,20.8,49.9,2013/5/1,2013/8/31,122,7.83972,5.16,51.6,34.572,42.41172,21.66
320,2013,120.151,45.88,N2304-W-35-1,185.7,228.5,200,23,519.9,4.4,14.3,2013/5/1,2013/8/31,122,40.77972,7.04,1608.64,1408,1448.77972,11.03
321,2013,120.307,44.929,N2046-W-5-2,315.3,133.3,96,76,455.7,16.7,38.9,2013/5/1,2013/8/31,122,69.23988,7.04,938.432,675.84,745.07988,25.95
322,2013,118.58,43.134,N376-S-8-1,239.5,160,120,45,317.3,14.2,33.3,2013/5/1,2013/8/31,122,52.5942,5.16,825.6,619.2,671.7942,22.89
323,2013,114.31,42.406,N2211-W-8-2,79.3,75.2,52,62,228.5,27.1,44.6,2013/5/1,2013/8/31,122,17.41428,5.16,388.032,268.32,285.73428,35.80
324,2013,119.959,44.376,N366-S-6-1,244.6,183.7,162.9,0,425.6,0,12.8,2013/5/1,2013/8/31,122,53.71416,7.04,1293.248,1146.816,1200.53016,7.72
325,2013,117.488,44.619,N2209-S-8-1,85,158.1,119.4,74,353,21,32.4,2013/5/1,2013/8/31,122,18.666,5.16,815.796,616.104,634.77,28.52
326,2013,117.132,44.053,N372-W-6-1,160,41.3,25.7,103,384.5,26.8,61,2013/5/1,2013/8/31,122,35.136,5.16,213.108,132.612,167.748,27.04
327,2013,118.713,48.509,N885-W-9-2,83.1,4.3,3.7,29,404.1,7.2,14.5,2013/5/1,2013/8/31,122,18.24876,5.16,22.188,19.092,37.34076,0.00
328,2013,119.137,44.545,N369-S-5-3,333.4,115.3,80,129,421.8,30.6,44.2,2013/5/1,2013/8/31,122,73.21464,7.04,811.712,563.2,636.41464,27.54
329,2013,118.547,48.8,N885-W-1-1,83.1,56,48,48,345.7,13.9,16.7,2013/5/1,2013/8/31,122,18.24876,5.16,288.96,247.68,265.92876,8.66
330,2013,117.071,47.938,N884-W-10-1,68.8,146.2,129.9,6,340,1.8,12.5,2013/5/1,2013/8/31,122,15.10848,5.16,754.392,670.284,685.39248,10.07
331,2013,120.108,45.099,N2046-W-4-1,315.3,149.3,96,130,438.2,29.7,55.6,2013/5/1,2013/8/31,122,69.23988,7.04,1051.072,675.84,745.07988,41.07
332,2013,115.642,43.609,N2202-S-8-1,66.1,164.7,143.3,13,332.9,3.9,14.9,2013/5/1,2013/8/31,122,14.51556,5.16,849.852,739.428,753.94356,12.72
333,2013,112.443,43.838,N2207-W-2-2,35.7,14.7,10.7,8,97.8,8.2,37.5,2013/5/1,2013/8/31,122,7.83972,5.32,78.204,56.924,64.76372,20.75
334,2013,115.159,44.297,N2202-S-3-1,66.1,85.3,77.3,33,235.3,14,10.3,2013/5/1,2013/8/31,122,14.51556,5.16,440.148,398.868,413.38356,6.47
335,2013,120.926,44.327,N2046-W-10-2,315.3,149.3,96,65,297.3,21.9,55.6,2013/5/1,2013/8/31,122,69.23988,5.16,770.388,495.36,564.59988,36.45
336,2013,122.029,44.174,N2043-W-3-1,264.2,45.3,14,122,250.6,48.7,223.8,2013/5/1,2013/8/31,122,58.01832,5.16,233.748,72.24,130.25832,79.45
337,2013,114.445,43.063,N2207-S-6-6,35.7,44,33.3,28,194.8,14.4,32,2013/5/1,2013/8/31,122,7.83972,5.16,227.04,171.828,179.66772,26.37
338,2013,118.652,49.636,N876-W-9-2,65.1,98.7,152,43,402.3,10.7,-35.1,2013/5/1,2013/8/31,122,14.29596,5.16,509.292,784.32,798.61596,0.00
339,2013,119.994,48.61,N879-W-3-3,77.9,157.3,120.1,75,486,15.4,31,2013/5/1,2013/8/31,122,17.10684,5.16,811.668,619.716,636.82284,27.46
340,2013,116.001,44.676,N2210-S-10-2,80.9,65.3,48.7,65,191.7,33.9,34.2,2013/5/1,2013/8/31,122,17.76564,5.16,336.948,251.292,269.05764,25.23
341,2013,117.523,44.639,N2209-S-7-2,85,154.1,140.7,62,362.3,17.1,9.5,2013/5/1,2013/8/31,122,18.666,5.16,795.156,726.012,744.678,6.78
342,2013,120.927,44.326,N2046-W-10-3,315.3,106.7,80,63,298.9,21.1,33.3,2013/5/1,2013/8/31,122,69.23988,5.16,550.572,412.8,482.03988,14.22
343,2013,117.523,44.639,N2209-S-7-3,85,116.1,105.4,62,362.3,17.1,10.1,2013/5/1,2013/8/31,122,18.666,5.16,599.076,543.864,562.53,6.50
344,2013,115.96,42.204,N2212-S-9-2,114.7,85.3,58.7,144,330.2,43.6,45.4,2013/5/1,2013/8/31,122,25.18812,5.16,440.148,302.892,328.08012,34.16
345,2013,115.219,44.183,N2202-S-6-1,66.1,110.7,92,9,272.5,3.3,20.3,2013/5/1,2013/8/31,122,14.51556,5.16,571.212,474.72,489.23556,16.76
346,2013,120.307,44.929,N2046-W-5-3,315.3,120,80,76,455.7,16.7,50,2013/5/1,2013/8/31,122,69.23988,7.04,844.8,563.2,632.43988,33.58
347,2013,121.215,44.42,N2046-W-8-2,315.3,117.3,85.3,4,317.2,1.3,37.5,2013/5/1,2013/8/31,122,69.23988,5.16,605.268,440.148,509.38788,18.82
348,2013,112.096,44.231,N2207-W-4-4,35.7,9.3,13.3,13,98.4,13.2,-30,2013/5/1,2013/8/31,122,7.83972,5.32,49.476,70.756,78.59572,0.00
349,2013,121.214,44.42,N2046-W-8-1,315.3,138.7,101.3,11,312.8,3.5,36.8,2013/5/1,2013/8/31,122,69.23988,5.16,715.692,522.708,591.94788,20.90
350,2013,117.327,48.592,N884-W-5-1,68.8,170.2,126.1,55,322,17.1,34.9,2013/5/1,2013/8/31,122,15.10848,5.16,878.232,650.676,665.78448,31.91
351,2013,118.938,44.229,N369-S-10-1,333.4,109.3,52,176,333.7,52.7,110.2,2013/5/1,2013/8/31,122,73.21464,7.04,769.472,366.08,439.29464,75.16
352,2013,116.987,42.529,N372-W-42-1,160,46.7,28,57,465.3,12.3,66.7,2013/5/1,2013/8/31,122,35.136,5.16,240.972,144.48,179.616,34.16
353,2013,119.125,49.638,N876-W-4-1,65.1,101.3,74.7,55,387.4,14.2,35.7,2013/5/1,2013/8/31,122,14.29596,5.16,522.708,385.452,399.74796,30.76
354,2013,117.522,44.639,N2209-S-7-1,85,150.7,108.7,62,362.3,17.1,38.6,2013/5/1,2013/8/31,122,18.666,5.16,777.612,560.892,579.558,34.17
355,2013,119.903,45.185,N2046-W-2-2,315.3,106.7,64,109,469.5,23.2,66.7,2013/5/1,2013/8/31,122,69.23988,7.04,751.168,450.56,519.79988,44.51
356,2013,117.144,49.302,N884-W-7-1,68.8,158.3,132.5,0,427.3,0,19.5,2013/5/1,2013/8/31,122,15.10848,5.16,816.828,683.7,698.80848,16.89
357,2013,118.982,48.694,N879-W-4-1,77.9,122.9,129.5,63,384.7,16.4,-5.1,2013/5/1,2013/8/31,122,17.10684,5.16,634.164,668.22,685.32684,0.00
358,2013,108.649,41.568,N85-W-2-1,51.4,22.5,14,22,130.7,16.8,60.5,2013/5/1,2013/8/31,122,11.28744,5.32,119.7,74.48,85.76744,39.56
359,2013,112.081,44.311,N2207-W-5-5,35.7,10.7,6,17,95.9,17.7,77.8,2013/5/1,2013/8/31,122,7.83972,5.32,56.924,31.92,39.75972,43.17
360,2013,108.559,41.649,N85-W-5-1,51.4,24.7,28.5,21,119.1,17.6,-13.3,2013/5/1,2013/8/31,122,11.28744,5.32,131.404,151.62,162.90744,0.00
361,2013,121.571,45.237,N2304-W-31-1,185.7,102.8,105.7,57,313,18.2,-2.7,2013/5/1,2013/8/31,122,40.77972,7.04,723.712,744.128,784.90772,0.00
362,2013,119.141,43.347,N368-S-10-10,195,124.5,86.7,27,302.4,8.9,43.6,2013/5/1,2013/8/31,122,42.822,5.16,642.42,447.372,490.194,31.05
363,2013,119.183,45.072,N366-S-5-1,244.6,96,77,125,412.1,30.3,24.7,2013/5/1,2013/8/31,122,53.71416,7.04,675.84,542.08,595.79416,13.44
364,2013,119.903,45.184,N2046-W-2-1,315.3,112,96,109,469.5,23.2,16.7,2013/5/1,2013/8/31,122,69.23988,7.04,788.48,675.84,745.07988,5.82
365,2013,119.277,49.719,N876-W-6-2,65.1,258.7,185.3,70,421.9,16.6,39.6,2013/5/1,2013/8/31,122,14.29596,5.16,1334.892,956.148,970.44396,37.55
366,2013,109.127,39.968,N500-W-10-1,87.6,19.3,14,43,181.8,23.7,38.1,2013/5/1,2013/8/31,122,19.23696,5.32,102.676,74.48,93.71696,9.56
367,2013,122.108,44.25,N2043-W-2-1,264.2,27.3,15.3,58,281.6,20.6,78.3,2013/5/1,2013/8/31,122,58.01832,5.16,140.868,78.948,136.96632,2.85
368,2013,119.068,43.732,N368-S-1-1,195,40,20,74,324.2,22.8,100,2013/5/1,2013/8/31,122,42.822,7.04,281.6,140.8,183.622,53.36
369,2013,118.484,48.025,N885-W-2-1,83.1,4.3,2.7,71,340.3,20.9,62.2,2013/5/1,2013/8/31,122,18.24876,5.16,22.188,13.932,32.18076,0.00
370,2013,121.215,44.421,N2046-W-8-3,315.3,80,48,4,317.2,1.3,66.7,2013/5/1,2013/8/31,122,69.23988,5.16,412.8,247.68,316.91988,30.25
371,2013,120.307,44.929,N2046-W-5-1,315.3,166.7,106.7,82,449.2,18.3,56.2,2013/5/1,2013/8/31,122,69.23988,7.04,1173.568,751.168,820.40788,43.05
372,2013,118.959,43.697,N368-S-3-3,195,58.7,34.7,27,344,7.8,69.2,2013/5/1,2013/8/31,122,42.822,5.16,302.892,179.052,221.874,36.52
373,2013,118.951,44.282,N369-S-8-3,333.4,126.7,113.3,93,431.4,21.6,11.8,2013/5/1,2013/8/31,122,73.21464,7.04,891.968,797.632,870.84664,2.43
374,2013,118.083,48.844,N885-W-8-1,83.1,16.3,8.7,3,363.9,0.8,88.4,2013/5/1,2013/8/31,122,18.24876,5.16,84.108,44.892,63.14076,33.21
375,2013,120.926,44.326,N2046-W-10-1,315.3,186.7,112,65,297.3,21.9,66.7,2013/5/1,2013/8/31,122,69.23988,5.16,963.372,577.92,647.15988,48.86
376,2013,108.149,38.141,N499-W-6-1,138.7,56.9,35.1,27,237.2,11.4,62.1,2013/5/1,2013/8/31,122,30.45852,5.32,302.708,186.732,217.19052,39.37
377,2013,116.001,44.676,N2210-S-10-1,80.9,62.7,52,65,191.7,33.9,20.5,2013/5/1,2013/8/31,122,17.76564,5.16,323.532,268.32,286.08564,13.09
378,2013,118.22,44.891,N2209-S-3-3,85,177.4,126.1,52,382,13.6,40.7,2013/5/1,2013/8/31,122,18.666,7.04,1248.896,887.744,906.41,37.78
379,2013,115.673,44.11,N2210-S-4-1,80.9,155.3,94.7,79,240.7,32.8,64.1,2013/5/1,2013/8/31,122,17.76564,5.16,801.348,488.652,506.41764,58.24
380,2013,117.561,44.847,N2209-S-1-3,85,33.4,92.1,77,315.1,24.4,-63.7,2013/5/1,2013/8/31,122,18.666,5.16,172.344,475.236,493.902,0.00
381,2013,118.51,44.774,N2209-S-5-2,85,105.4,126.1,96,389.1,24.7,-16.4,2013/5/1,2013/8/31,122,18.666,7.04,742.016,887.744,906.41,0.00
382,2013,118.649,47.969,N885-W-6-2,83.1,11.3,7.3,83,332.7,24.9,54.6,2013/5/1,2013/8/31,122,18.24876,5.16,58.308,37.668,55.91676,4.28
383,2013,118.648,47.969,N885-W-6-3,83.1,11,7.1,83,332.7,24.9,55.6,2013/5/1,2013/8/31,122,18.24876,5.16,56.76,36.636,54.88476,3.42
384,2013,111.976,42.309,N2123-S-9-1,36.9,16,9.3,29,185.7,15.6,71.5,2013/5/1,2013/8/31,122,8.10324,5.16,82.56,47.988,56.09124,47.19
385,2013,115.673,44.111,N2210-S-4-3,80.9,152,91.3,79,240.7,32.8,66.4,2013/5/1,2013/8/31,122,17.76564,5.16,784.32,471.108,488.87364,60.43
386,2013,111.872,42.404,N2123-S-2-1,36.9,37.3,34.7,49,175.7,27.9,7.7,2013/5/1,2013/8/31,122,8.10324,5.16,192.468,179.052,187.15524,2.84
387,2014,107.676,37.993,N499-W-4-1,142.9,20.4,16.3,0,281.2,0,25.2,2014/5/1,2014/8/31,122,31.38084,5.32,108.528,86.716,118.09684,0.00
388,2014,122.118,43.117,N2042-W-38-2,346.4,22,16,0,344.7,0,37.5,2014/5/1,2014/8/31,122,76.06944,5.16,113.52,82.56,158.62944,0.00
389,2014,122.117,43.117,N2042-W-38-3,346.4,20.7,14.7,0,344.7,0,40.9,2014/5/1,2014/8/31,122,76.06944,5.16,106.812,75.852,151.92144,0.00
390,2014,122.102,43.117,N2042-W-38-1,346.4,26.7,18.7,0,357.9,0,42.8,2014/5/1,2014/8/31,122,76.06944,5.16,137.772,96.492,172.56144,0.00
391,2014,122.253,43.109,N2042-W-13-2,346.4,14,10.7,0,366.3,0,31.2,2014/5/1,2014/8/31,122,76.06944,5.16,72.24,55.212,131.28144,0.00
392,2014,122.251,43.107,N2042-W-13-3,346.4,11.3,10,0,366.3,0,13.3,2014/5/1,2014/8/31,122,76.06944,5.16,58.308,51.6,127.66944,0.00
393,2014,122.251,43.112,N2042-W-13-1,346.4,13.3,14,0,372.2,0,-4.8,2014/5/1,2014/8/31,122,76.06944,5.16,68.628,72.24,148.30944,0.00
394,2014,118.187,48.986,N885-W-23-2,86.8,160.4,132,60,347.7,17.3,21.5,2014/5/1,2014/8/31,122,19.06128,5.16,827.664,681.12,700.18128,18.21
395,2014,118.643,48.477,N885-S-24-3,86.8,245.2,240,0,459.8,0,2.2,2014/5/1,2014/8/31,122,19.06128,5.16,1265.232,1238.4,1257.46128,0.62
396,2014,119.334,48.532,N879-W-6-3,75.4,72.1,64.5,28,506.4,5.5,11.9,2014/5/1,2014/8/31,122,16.55784,5.16,372.036,332.82,349.37784,6.49
397,2014,119.124,49.462,N876-W-4-3,67,133.3,127.3,11,439.3,2.5,4.7,2014/5/1,2014/8/31,122,14.7132,5.16,687.828,656.868,671.5812,2.42
398,2014,118.546,48.798,N885-W-21-1,86.8,195.6,172,39,395.4,9.9,13.7,2014/5/1,2014/8/31,122,19.06128,5.16,1009.296,887.52,906.58128,11.33
399,2014,120.108,45.099,N2046-W-4-1,327.6,122.7,80,134,437,30.7,53.3,2014/5/1,2014/8/31,122,71.94096,7.04,863.808,563.2,635.14096,36.00
400,2014,119.343,48.421,N879-W-1-1,75.4,85.7,67.3,91,430.9,21.1,27.2,2014/5/1,2014/8/31,122,16.55784,5.16,442.212,347.268,363.82584,21.54
401,2014,115.851,42.725,N2212-S-6-2,123.7,37.3,34.7,6,362.6,1.7,7.7,2014/5/1,2014/8/31,122,27.16452,5.16,192.468,179.052,206.21652,0.00
402,2014,117.316,48.587,N884-W-8-1,68.1,134.6,118.6,29,354.8,8.2,13.4,2014/5/1,2014/8/31,122,14.95476,5.16,694.536,611.976,626.93076,10.78
403,2014,120.097,44.2,N366-S-2-3,295.2,64.7,32.7,113,241.4,46.8,97.9,2014/5/1,2014/8/31,122,64.82592,7.04,455.488,230.208,295.03392,54.38
404,2014,118.751,47.884,N885-S-28-2,86.8,188,180.4,16,441.3,3.6,4.2,2014/5/1,2014/8/31,122,19.06128,5.16,970.08,930.864,949.92528,2.12
405,2014,118.752,47.886,N885-S-28-3,86.8,192,170.4,32,424.6,7.5,12.7,2014/5/1,2014/8/31,122,19.06128,5.16,990.72,879.264,898.32528,10.29
406,2014,114.665,43.212,N2207-W-7-1,43.5,1.8,1.3,4,189.6,2.1,35.3,2014/5/1,2014/8/31,122,9.5526,5.16,9.288,6.708,16.2606,0.00
407,2014,115.672,44.111,N2210-S-9-3,92,42.7,33.3,32,236.7,13.5,28,2014/5/1,2014/8/31,122,20.2032,5.16,220.332,171.828,192.0312,14.74
408,2014,119.254,49.486,N876-W-5-1,67,122.7,110.7,22,449.6,4.9,10.8,2014/5/1,2014/8/31,122,14.7132,5.16,633.132,571.212,585.9252,8.06
409,2014,121.292,44.399,N2046-W-7-2,327.6,96,80,8,325.3,2.5,20,2014/5/1,2014/8/31,122,71.94096,5.16,495.36,412.8,484.74096,2.19
410,2014,121.292,44.399,N2046-W-7-3,327.6,85.3,69.3,8,325.3,2.5,23.1,2014/5/1,2014/8/31,122,71.94096,5.16,440.148,357.588,429.52896,2.47
411,2014,119.885,49.98,N876-W-8-1,67,179.3,152.7,61,502.1,12.1,17.5,2014/5/1,2014/8/31,122,14.7132,5.16,925.188,787.932,802.6452,15.27
412,2014,115.782,43.966,N2210-S-4-2,92,74.7,65.3,23,260.3,8.8,14.3,2014/5/1,2014/8/31,122,20.2032,5.16,385.452,336.948,357.1512,7.92
413,2014,118.877,49.686,N876-W-3-1,67,130.7,139.3,16,452.2,3.5,-6.2,2014/5/1,2014/8/31,122,14.7132,5.16,674.412,718.788,733.5012,0.00
414,2014,121.633,44.219,N2043-W-3-2,313.3,30,8.7,56,293.7,19.1,246,2014/5/1,2014/8/31,122,68.80068,5.16,154.8,44.892,113.69268,36.16
415,2014,107.83,38.134,N499-W-7-1,142.9,62.1,50.1,8,211.9,3.8,24,2014/5/1,2014/8/31,122,31.38084,5.32,330.372,266.532,297.91284,10.90
416,2014,119.334,48.532,N879-W-6-2,75.4,67.8,62.5,28,506.4,5.5,8.4,2014/5/1,2014/8/31,122,16.55784,5.16,349.848,322.5,339.05784,3.18
417,2014,122.077,43.115,N2042-W-40-2,346.4,27.3,24,12,317.2,3.8,13.9,2014/5/1,2014/8/31,122,76.06944,5.16,140.868,123.84,199.90944,0.00
418,2014,122.078,43.116,N2042-W-40-3,346.4,26.7,24,12,317.2,3.8,11.1,2014/5/1,2014/8/31,122,76.06944,5.16,137.772,123.84,199.90944,0.00
419,2014,118.642,48.476,N885-S-24-2,86.8,246,232,0,459.8,0,6,2014/5/1,2014/8/31,122,19.06128,5.16,1269.36,1197.12,1216.18128,4.37
420,2014,114.309,42.405,N2211-S-4-2,78.8,17.3,8.7,43,150.4,28.6,99.9,2014/5/1,2014/8/31,122,17.30448,5.16,89.268,44.892,62.19648,43.53
421,2014,118.926,44.314,N369-S-10-3,393.7,60,33.3,115,429.4,26.8,80,2014/5/1,2014/8/31,122,86.45652,7.04,422.4,234.432,320.88852,31.63
422,2014,123.528,43.173,N2042-W-34-2,346.4,101.3,106.7,19,389.6,4.9,-5,2014/5/1,2014/8/31,122,76.06944,5.16,522.708,550.572,626.64144,0.00
423,2014,119.066,43.039,N376-S-9-1,253.9,102.4,61.1,97,233.4,41.6,67.6,2014/5/1,2014/8/31,122,55.75644,5.16,528.384,315.276,371.03244,42.41
424,2014,119.334,48.532,N879-W-6-1,75.4,83.7,71.4,28,506.4,5.5,17.3,2014/5/1,2014/8/31,122,16.55784,5.16,431.892,368.424,384.98184,12.19
425,2014,118.546,48.798,N885-W-21-3,86.8,198,170.4,31,403.2,7.7,16.2,2014/5/1,2014/8/31,122,19.06128,5.16,1021.68,879.264,898.32528,13.73
426,2014,119.343,48.421,N879-W-1-3,75.4,88.5,65.7,91,430.9,21.1,34.8,2014/5/1,2014/8/31,122,16.55784,5.16,456.66,339.012,355.56984,28.43
427,2014,118.751,47.885,N885-S-28-1,86.8,180,172,32,424.6,7.5,4.7,2014/5/1,2014/8/31,122,19.06128,5.16,928.8,887.52,906.58128,2.45
428,2014,113.606,43.791,N2207-W-4-1,43.5,2.2,0.9,7,118.8,5.9,152.9,2014/5/1,2014/8/31,122,9.5526,5.16,11.352,4.644,14.1966,0.00
429,2014,116.677,49.106,N884-W-6-1,68.1,274.8,241.5,24,393.6,6.1,13.8,2014/5/1,2014/8/31,122,14.95476,5.16,1417.968,1246.14,1261.09476,12.44
430,2014,119.902,45.185,N2046-W-2-2,327.6,96,64,135,438.8,30.8,50,2014/5/1,2014/8/31,122,71.94096,7.04,675.84,450.56,522.50096,29.35
431,2014,120.347,44.3,N366-S-6-6,295.2,60.8,37.3,52,306.8,16.9,63.1,2014/5/1,2014/8/31,122,64.82592,7.04,428.032,262.592,327.41792,30.73
432,2014,119.604,50.036,N876-W-9-2,67,106.7,78.7,93,409,22.7,35.6,2014/5/1,2014/8/31,122,14.7132,5.16,550.572,406.092,420.8052,30.84
433,2014,107.286,38.379,N499-W-2-1,142.9,24.3,17.1,11,159.8,6.9,42.4,2014/5/1,2014/8/31,122,31.38084,5.32,129.276,90.972,122.35284,5.66
434,2014,115.984,42.142,N2212-S-9-3,123.7,105.3,65.3,127,325.1,39.1,61.2,2014/5/1,2014/8/31,122,27.16452,5.16,543.348,336.948,364.11252,49.23
435,2014,118.546,48.798,N885-W-21-2,86.8,190.4,180.4,39,395.4,9.9,5.5,2014/5/1,2014/8/31,122,19.06128,5.16,982.464,930.864,949.92528,3.43
436,2014,115.851,42.725,N2212-S-6-1,123.7,77.3,64,6,362.6,1.7,20.8,2014/5/1,2014/8/31,122,27.16452,5.16,398.868,330.24,357.40452,11.60
437,2014,123.528,43.172,N2042-W-34-3,346.4,106.7,80,0,411.9,0,33.3,2014/5/1,2014/8/31,122,76.06944,5.16,550.572,412.8,488.86944,12.62
438,2014,120.307,44.929,N2046-W-5-3,327.6,96,80,51,477.8,10.7,20,2014/5/1,2014/8/31,122,71.94096,7.04,675.84,563.2,635.14096,6.41
439,2014,115.162,44.296,N2202-S-3-1,74.2,65.3,40,78,194.7,40.1,63.3,2014/5/1,2014/8/31,122,16.29432,5.16,336.948,206.4,222.69432,51.31
440,2014,120.084,45.105,N2046-W-3-3,327.6,32,13.3,128,445.2,28.8,140.1,2014/5/1,2014/8/31,122,71.94096,7.04,225.28,93.632,165.57296,36.06
441,2014,107.672,37.987,N499-W-5-1,142.9,29.2,25.4,22,251.8,8.7,15,2014/5/1,2014/8/31,122,31.38084,5.32,155.344,135.128,166.50884,0.00
442,2014,118.927,44.314,N369-S-10-2,393.7,66.7,33.3,115,429.4,26.8,100,2014/5/1,2014/8/31,122,86.45652,7.04,469.568,234.432,320.88852,46.33
443,2014,119.903,45.184,N2046-W-2-1,327.6,101.3,74.7,111,462.5,24,35.7,2014/5/1,2014/8/31,122,71.94096,7.04,713.152,525.888,597.82896,19.29
444,2014,121.214,44.42,N2046-W-8-1,327.6,128,96,25,308.8,8.1,33.3,2014/5/1,2014/8/31,122,71.94096,7.04,901.12,675.84,747.78096,20.51
445,2014,117.199,43.652,N372-S-34-1,146.1,41,25.3,138,431.2,32,61.9,2014/5/1,2014/8/31,122,32.08356,5.16,211.56,130.548,162.63156,30.09
446,2014,120.307,44.929,N2046-W-5-1,327.6,144,106.7,51,477.8,10.7,35,2014/5/1,2014/8/31,122,71.94096,7.04,1013.76,751.168,823.10896,23.16
447,2014,114.309,42.405,N2211-S-4-3,78.8,22.7,14.7,43,150.4,28.6,54.5,2014/5/1,2014/8/31,122,17.30448,5.16,117.132,75.852,93.15648,25.74
448,2014,121.292,44.399,N2046-W-7-1,327.6,109.3,90.7,30,301.5,10,20.6,2014/5/1,2014/8/31,122,71.94096,5.16,563.988,468.012,539.95296,4.45
449,2014,116.263,47.959,N884-W-3-1,68.1,133.4,98,64,298,21.5,36.1,2014/5/1,2014/8/31,122,14.95476,5.16,688.344,505.68,520.63476,32.21
450,2014,119.885,49.98,N876-W-8-2,67,178,170,61,502.1,12.1,4.7,2014/5/1,2014/8/31,122,14.7132,5.16,918.48,877.2,891.9132,2.98
451,2014,119.161,48.492,N879-W-2-3,75.4,59.7,46.1,117,404.5,28.9,29.5,2014/5/1,2014/8/31,122,16.55784,5.16,308.052,237.876,254.43384,21.07
452,2014,108.619,39.913,N500-W-9-1,88.3,71.5,56,14,183.5,7.6,27.7,2014/5/1,2014/8/31,122,19.39068,5.32,380.38,297.92,317.31068,19.88
453,2014,120.926,44.326,N2046-W-10-3,327.6,101.3,80,45,319.9,14.1,26.7,2014/5/1,2014/8/31,122,71.94096,5.16,522.708,412.8,484.74096,7.83
454,2014,114.631,42.411,N2211-S-3-3,78.8,47.3,32,39,202.6,19.2,47.9,2014/5/1,2014/8/31,122,17.30448,5.16,244.068,165.12,182.42448,33.79
455,2014,118.187,48.986,N885-W-23-3,86.8,144,130.8,60,347.7,17.3,10.1,2014/5/1,2014/8/31,122,19.06128,5.16,743.04,674.928,693.98928,7.07
456,2014,118.738,44.004,N368-S-1-2,215.7,87.3,55.3,77,409.4,18.8,57.8,2014/5/1,2014/8/31,122,47.36772,5.16,450.468,285.348,332.71572,35.39
457,2014,119.613,49.867,N876-W-10-1,67,144.7,135.3,73,471,15.5,6.9,2014/5/1,2014/8/31,122,14.7132,5.16,746.652,698.148,712.8612,4.74
458,2014,119.886,49.98,N876-W-8-3,67,200.7,158.7,61,502.1,12.1,26.5,2014/5/1,2014/8/31,122,14.7132,5.16,1035.612,818.892,833.6052,24.23
459,2014,119.161,48.492,N879-W-2-1,75.4,51.1,39.4,117,404.5,28.9,29.8,2014/5/1,2014/8/31,122,16.55784,5.16,263.676,203.304,219.86184,19.93
460,2014,121.633,44.219,N2043-W-3-1,313.3,75,40,56,293.7,19.1,87.5,2014/5/1,2014/8/31,122,68.80068,5.16,387,206.4,275.20068,40.62
461,2014,121.214,44.419,N2046-W-8-2,327.6,112,80,25,308.8,8.1,40,2014/5/1,2014/8/31,122,71.94096,7.04,788.48,563.2,635.14096,24.14
462,2014,116.325,44.31,N2210-S-8-2,92,81.3,62.7,21,267.9,7.8,29.8,2014/5/1,2014/8/31,122,20.2032,5.16,419.508,323.532,343.7352,22.04
463,2014,107.822,39.396,N498-W-2-2,60.4,7.1,1.9,39,149,26.2,281.3,2014/5/1,2014/8/31,122,13.26384,5.32,37.772,10.108,23.37184,61.61
464,2014,112.443,43.838,N2207-W-5-1,43.5,1.3,0.7,12,95.2,12.6,74,2014/5/1,2014/8/31,122,9.5526,5.32,6.916,3.724,13.2766,0.00
465,2014,118.931,44.159,N369-S-7-1,393.7,87.3,72,57,448.3,12.7,21.3,2014/5/1,2014/8/31,122,86.45652,7.04,614.592,506.88,593.33652,3.58
466,2014,118.489,48.152,N885-W-29-2,86.8,158.4,128,26,423.3,6.1,23.8,2014/5/1,2014/8/31,122,19.06128,5.16,817.344,660.48,679.54128,20.28
467,2014,121.434,44.338,N2043-W-6-2,313.3,35,13.3,0,360.9,0,162.6,2014/5/1,2014/8/31,122,68.80068,5.16,180.6,68.628,137.42868,31.41
468,2014,122.249,43.208,N2042-W-37-1,346.4,20,16,43,293.2,14.7,25,2014/5/1,2014/8/31,122,76.06944,5.16,103.2,82.56,158.62944,0.00
469,2014,122.249,43.207,N2042-W-37-2,346.4,20.7,17.3,43,293.2,14.7,19.3,2014/5/1,2014/8/31,122,76.06944,5.16,106.812,89.268,165.33744,0.00
470,2014,122.249,43.207,N2042-W-37-3,346.4,24,17.3,43,293.2,14.7,38.5,2014/5/1,2014/8/31,122,76.06944,5.16,123.84,89.268,165.33744,0.00
471,2014,119.175,43.306,N368-S-6-1,215.7,8.1,2.2,41,274.8,14.9,266.8,2014/5/1,2014/8/31,122,47.36772,5.16,41.796,11.352,58.71972,0.00
472,2014,122.421,43.274,N2042-W-19-2,346.4,33.3,13.3,52,294.5,17.7,150,2014/5/1,2014/8/31,122,76.06944,5.16,171.828,68.628,144.69744,18.75
473,2014,112.12,43.778,N2207-W-1-1,43.5,1.5,0.6,15,96.9,15.5,155,2014/5/1,2014/8/31,122,9.5526,5.32,7.98,3.192,12.7446,0.00
474,2014,119.604,50.036,N876-W-9-1,67,112,77.3,93,409,22.7,44.8,2014/5/1,2014/8/31,122,14.7132,5.16,577.92,398.868,413.5812,39.74
475,2014,114.682,43.246,N2207-W-6-1,43.5,1.7,1.4,29,183.4,15.8,19.3,2014/5/1,2014/8/31,122,9.5526,5.16,8.772,7.224,16.7766,0.00
476,2014,118.508,44.773,N2209-S-5-1,97,130.7,106.7,125,365.6,34.2,22.5,2014/5/1,2014/8/31,122,21.3012,7.04,920.128,751.168,772.4692,19.12
477,2014,118.948,44.285,N369-S-8-2,393.7,92,49.3,107,428.7,25,86.5,2014/5/1,2014/8/31,122,86.45652,7.04,647.68,347.072,433.52852,49.40
478,2014,107.461,39.251,N498-W-1-1,60.4,13.4,4.5,68,119.2,57,199.8,2014/5/1,2014/8/31,122,13.26384,5.32,71.288,23.94,37.20384,91.61
479,2014,111.762,41.915,N2123-S-10-10,38.5,27.7,16.3,53,158.6,33.4,69.4,2014/5/1,2014/8/31,122,8.4546,5.16,142.932,84.108,92.5626,54.42
480,2014,118.876,49.687,N876-W-3-3,67,154.7,124.7,16,452.2,3.5,24.1,2014/5/1,2014/8/31,122,14.7132,5.16,798.252,643.452,658.1652,21.28
481,2014,119.332,44.669,N369-S-4-2,393.7,80,50,160,415.1,38.5,60,2014/5/1,2014/8/31,122,86.45652,7.04,563.2,352,438.45652,28.45
482,2014,120.084,45.105,N2046-W-3-2,327.6,42.7,16,128,445.2,28.8,166.7,2014/5/1,2014/8/31,122,71.94096,7.04,300.608,112.64,184.58096,62.86
483,2014,114.519,43.387,N2207-W-8-1,43.5,2.7,1.4,29,165.9,17.5,90.7,2014/5/1,2014/8/31,122,9.5526,5.16,13.932,7.224,16.7766,0.00
484,2014,122.42,43.273,N2042-W-19-1,346.4,33.3,153.3,52,294.5,17.7,-78.3,2014/5/1,2014/8/31,122,76.06944,5.16,171.828,791.028,867.09744,0.00
485,2014,118.931,44.158,N369-S-7-2,393.7,82,46.7,57,448.3,12.7,75.7,2014/5/1,2014/8/31,122,86.45652,7.04,577.28,328.768,415.22452,39.03
486,2014,115.672,44.11,N2210-S-9-2,92,45.3,29.3,32,236.7,13.5,54.6,2014/5/1,2014/8/31,122,20.2032,5.16,233.748,151.188,171.3912,36.38
487,2014,120.926,44.326,N2046-W-10-2,327.6,144,90.7,45,319.9,14.1,58.8,2014/5/1,2014/8/31,122,71.94096,5.16,743.04,468.012,539.95296,37.61
488,2014,115.984,42.142,N2212-S-9-2,123.7,108,82.7,127,325.1,39.1,30.6,2014/5/1,2014/8/31,122,27.16452,5.16,557.28,426.732,453.89652,22.78
489,2014,118.489,48.036,N885-W-29-29,86.8,160.8,147.2,89,366.5,24.3,9.2,2014/5/1,2014/8/31,122,19.06128,5.16,829.728,759.552,778.61328,6.56
490,2014,121.214,44.419,N2046-W-8-3,327.6,77.3,42.7,25,308.8,8.1,81.2,2014/5/1,2014/8/31,122,71.94096,5.16,398.868,220.332,292.27296,36.47
491,2014,119.568,45.184,N2046-W-1-1,327.6,112,90.7,123,455.8,27,23.5,2014/5/1,2014/8/31,122,71.94096,7.04,788.48,638.528,710.46896,10.98
492,2014,119.343,48.421,N879-W-1-2,75.4,77.4,71.9,91,430.9,21.1,7.6,2014/5/1,2014/8/31,122,16.55784,5.16,399.384,371.004,387.56184,3.05
493,2014,115.967,44.683,N2210-S-6-2,92,69.3,35.3,98,189.1,51.8,96.2,2014/5/1,2014/8/31,122,20.2032,5.16,357.588,182.148,202.3512,76.72
494,2014,117.488,44.619,N2209-S-8-1,97,112.1,70.1,91,317.7,28.6,59.9,2014/5/1,2014/8/31,122,21.3012,5.16,578.436,361.716,383.0172,51.02
495,2014,115.781,43.965,N2210-S-4-3,92,72,50.7,23,260.3,8.8,42.1,2014/5/1,2014/8/31,122,20.2032,5.16,371.52,261.612,281.8152,31.83
496,2014,119.469,49.501,N876-W-6-3,67,170.7,128.7,38,462.4,8.2,32.6,2014/5/1,2014/8/31,122,14.7132,5.16,880.812,664.092,678.8052,29.76
497,2014,119.613,49.867,N876-W-10-2,67,174.7,122.7,73,471,15.5,42.4,2014/5/1,2014/8/31,122,14.7132,5.16,901.452,633.132,647.8452,39.15
498,2014,117.553,44.836,N2209-S-1-1,97,60.7,44.1,0,365.3,0,37.8,2014/5/1,2014/8/31,122,21.3012,5.16,313.212,227.556,248.8572,25.86
499,2014,120.108,45.099,N2046-W-4-2,327.6,114.7,61.3,134,437,30.7,87,2014/5/1,2014/8/31,122,71.94096,7.04,807.488,431.552,503.49296,60.38
500,2014,114.631,42.411,N2211-S-3-1,78.8,45.3,27.3,39,202.6,19.2,65.9,2014/5/1,2014/8/31,122,17.30448,5.16,233.748,140.868,158.17248,47.78
501,2014,119.371,48.619,N879-W-4-1,75.4,106.8,78.6,26,505.9,5.1,35.9,2014/5/1,2014/8/31,122,16.55784,5.16,551.088,405.576,422.13384,30.55
502,2014,122.077,43.114,N2042-W-40-1,346.4,28.7,16,64,265.4,24.1,79.2,2014/5/1,2014/8/31,122,76.06944,5.16,148.092,82.56,158.62944,0.00
503,2014,118.086,48.844,N885-S-27-1,86.8,96,70.7,11,363.9,3,35.8,2014/5/1,2014/8/31,122,19.06128,5.16,495.36,364.812,383.87328,29.04
504,2014,118.792,43.535,N368-S-2-2,215.7,90,49.3,68,297.7,22.8,82.4,2014/5/1,2014/8/31,122,47.36772,5.16,464.4,254.388,301.75572,53.90
505,2014,118.489,48.036,N885-W-29-3,86.8,136,136.8,89,366.5,24.3,-0.6,2014/5/1,2014/8/31,122,19.06128,5.16,701.76,705.888,724.94928,0.00
506,2014,123.247,43.079,N2042-W-18-3,346.4,10.7,8.7,78,319.5,24.4,23.1,2014/5/1,2014/8/31,122,76.06944,5.16,55.212,44.892,120.96144,0.00
507,2014,119.371,48.619,N879-W-4-3,75.4,103.8,75.9,26,505.9,5.1,36.8,2014/5/1,2014/8/31,122,16.55784,5.16,535.608,391.644,408.20184,31.21
508,2014,107.929,39.152,N498-W-8-8,60.4,22.3,12.5,28,162.4,17.2,78.6,2014/5/1,2014/8/31,122,13.26384,5.32,118.636,66.5,79.76384,48.73
509,2014,117.071,47.939,N884-W-5-1,68.1,156.9,122,0,349.3,0,28.6,2014/5/1,2014/8/31,122,14.95476,5.16,809.604,629.52,644.47476,25.62
510,2014,121.939,44.224,N2043-W-2-1,313.3,19.3,10,67,269.4,24.9,93.3,2014/5/1,2014/8/31,122,68.80068,5.16,99.588,51.6,120.40068,0.00
511,2014,112.085,44.232,N2207-W-2-1,43.5,0.9,0.7,21,84,25,19.2,2014/5/1,2014/8/31,122,9.5526,5.32,4.788,3.724,13.2766,0.00
512,2014,120.084,45.105,N2046-W-3-1,327.6,53.3,21.3,128,445.2,28.8,150,2014/5/1,2014/8/31,122,71.94096,7.04,375.232,149.952,221.89296,69.10
513,2014,118.085,48.843,N885-S-27-3,86.8,106.4,78,11,363.9,3,36.4,2014/5/1,2014/8/31,122,19.06128,5.16,549.024,402.48,421.54128,30.24
514,2014,119.161,48.492,N879-W-2-2,75.4,67.3,39.4,117,404.5,28.9,70.9,2014/5/1,2014/8/31,122,16.55784,5.16,347.268,203.304,219.86184,57.95
515,2014,123.186,43.016,N2042-W-35-3,346.4,16,20,83,315.1,26.3,-20,2014/5/1,2014/8/31,122,76.06944,5.16,82.56,103.2,179.26944,0.00
516,2014,123.252,43.076,N2042-W-18-1,346.4,10.7,8,83,315.7,26.3,33.4,2014/5/1,2014/8/31,122,76.06944,5.16,55.212,41.28,117.34944,0.00
517,2014,123.252,43.076,N2042-W-18-2,346.4,10.7,8,83,315.7,26.3,33.4,2014/5/1,2014/8/31,122,76.06944,5.16,55.212,41.28,117.34944,0.00
518,2015,109.285,39.169,N501-W-10-1,111.5,29.5,28.5,0,306.4,0,3.3,2015/5/1,2015/8/31,122,24.4854,5.32,156.94,151.62,176.1054,0.00
519,2015,122.122,43.118,N2042-W-2-1,378.7,136,128,0,355.1,0,6.2,2015/5/1,2015/8/31,122,83.16252,5.16,701.76,660.48,743.64252,0.00
520,2015,122.123,43.118,N2042-W-2-2,378.7,130.7,125.3,0,355.1,0,4.3,2015/5/1,2015/8/31,122,83.16252,5.16,674.412,646.548,729.71052,0.00
521,2015,122.123,43.118,N2042-W-2-3,378.7,130.7,125.3,0,355.1,0,4.3,2015/5/1,2015/8/31,122,83.16252,5.16,674.412,646.548,729.71052,0.00
522,2015,121.293,44.399,N2046-W-7-3,388.4,96,80,0,356.5,0,20,2015/5/1,2015/8/31,122,85.29264,5.16,495.36,412.8,498.09264,0.00
523,2015,122.182,43.013,N2042-W-14-1,378.7,5.3,4.8,0,378.7,0,11,2015/5/1,2015/8/31,122,83.16252,5.16,27.348,24.768,107.93052,0.00
524,2015,116.324,44.31,N2210-S-2-1,103.3,86.7,72,36,313.8,11.5,20.4,2015/5/1,2015/8/31,122,22.68468,5.16,447.372,371.52,394.20468,13.49
525,2015,120.108,45.099,N2046-W-4-1,388.4,122.7,80,114,412,27.7,53.3,2015/5/1,2015/8/31,122,85.29264,7.04,863.808,563.2,648.49264,33.20
526,2015,120.926,44.326,N2046-W-10-3,388.4,106.7,74.7,36,302.5,11.9,42.9,2015/5/1,2015/8/31,122,85.29264,5.16,550.572,385.452,470.74464,16.96
527,2015,119.343,44.67,N369-S-8-2,423.3,37.3,6.4,195,337.7,57.7,483.3,2015/5/1,2015/8/31,122,92.95668,7.04,262.592,45.056,138.01268,90.27
528,2015,116.005,44.68,N2210-S-10-3,103.3,64,46.7,53,251.4,21.1,37.1,2015/5/1,2015/8/31,122,22.68468,5.16,330.24,240.972,263.65668,25.25
529,2015,118.749,47.886,N885-S-22-2,95.2,49.3,42,21,381.7,5.5,17.5,2015/5/1,2015/8/31,122,20.90592,5.16,254.388,216.72,237.62592,7.05
530,2015,122.068,44.193,N2043-W-1-3,317.6,43.3,14.7,87,262.6,33.1,195.4,2015/5/1,2015/8/31,122,69.74496,5.16,223.428,75.852,145.59696,53.46
531,2015,121.641,44.186,N2043-W-10-3,317.6,35.3,12.7,52,278.4,18.7,178.8,2015/5/1,2015/8/31,122,69.74496,5.16,182.148,65.532,135.27696,34.65
532,2015,122.763,43.329,N2042-W-39-1,378.7,160,106.7,69,294.8,23.4,50,2015/5/1,2015/8/31,122,83.16252,5.16,825.6,550.572,633.73452,30.28
533,2015,121.635,44.219,N2043-W-4-2,317.6,75.3,46.7,43,282,15.2,61.4,2015/5/1,2015/8/31,122,69.74496,5.16,388.548,240.972,310.71696,25.05
534,2015,120.307,44.929,N2046-W-5-1,388.4,149.3,112,63,429.1,14.7,33.3,2015/5/1,2015/8/31,122,85.29264,7.04,1051.072,788.48,873.77264,20.29
535,2015,119.126,48.746,N879-W-1-3,72.5,29.5,17.6,113,290.9,38.8,67.8,2015/5/1,2015/8/31,122,15.921,5.16,152.22,90.816,106.737,42.61
536,2015,122.018,45.216,N2303-W-2-3,256.6,44.7,26.9,48,271.1,17.7,66.5,2015/5/1,2015/8/31,122,56.34936,7.04,314.688,189.376,245.72536,28.06
537,2015,118.835,49.598,N876-W-1-2,77.5,107.3,86,48,288.4,16.6,24.8,2015/5/1,2015/8/31,122,17.019,5.16,553.668,443.76,460.779,20.16
538,2015,118.691,47.936,N885-S-21-2,95.2,40,33.3,25,371.2,6.7,20,2015/5/1,2015/8/31,122,20.90592,5.16,206.4,171.828,192.73392,7.09
539,2015,109.285,39.168,N501-W-10-2,111.5,25.7,19,0,306.4,0,35.4,2015/5/1,2015/8/31,122,24.4854,5.32,136.724,101.08,125.5654,8.89
540,2015,121.213,44.42,N2046-W-8-2,388.4,112,85.3,24,300.1,8,31.3,2015/5/1,2015/8/31,122,85.29264,5.16,577.92,440.148,525.44064,9.99
541,2015,120.084,45.105,N2046-W-3-2,388.4,42.7,16,126,399.7,31.5,166.7,2015/5/1,2015/8/31,122,85.29264,7.04,300.608,112.64,197.93264,51.87
542,2015,114.631,42.411,N2211-S-7-2,82.4,19.3,10.7,51,170.7,29.9,81.2,2015/5/1,2015/8/31,122,18.09504,5.16,99.588,55.212,73.30704,35.85
543,2015,118.508,44.774,N2209-S-5-2,98.7,70.1,50,99,375,26.4,40.1,2015/5/1,2015/8/31,122,21.67452,7.04,493.504,352,373.67452,32.07
544,2015,116.433,44.252,N2210-S-9-1,103.3,46.7,33.3,49,305.2,16.1,40,2015/5/1,2015/8/31,122,22.68468,5.16,240.972,171.828,194.51268,23.88
545,2015,119.859,49.051,N879-W-7-2,72.5,59,52.6,2,435.3,0.5,12.2,2015/5/1,2015/8/31,122,15.921,5.16,304.44,271.416,287.337,5.95
546,2015,114.98,43.493,N2202-S-4-1,74.3,28.9,16.5,73,163,44.8,75,2015/5/1,2015/8/31,122,16.31628,5.16,149.124,85.14,101.45628,46.98
547,2015,119.966,48.474,N879-W-10-2,72.5,229.5,207.1,67,499.2,13.4,10.8,2015/5/1,2015/8/31,122,15.921,5.16,1184.22,1068.636,1084.557,9.19
548,2015,118.749,47.886,N885-S-22-3,95.2,40,34.7,21,381.7,5.5,15.4,2015/5/1,2015/8/31,122,20.90592,5.16,206.4,179.052,199.95792,3.22
549,2015,115.643,43.608,N2202-S-5-1,74.3,52.3,38.7,46,274.6,16.8,35.2,2015/5/1,2015/8/31,122,16.31628,5.16,269.868,199.692,216.00828,24.93
550,2015,114.989,44.108,N2202-S-1-1,74.3,54.1,46.7,31,258.7,12,16,2015/5/1,2015/8/31,122,16.31628,5.16,279.156,240.972,257.28828,8.50
551,2015,118.178,44.878,N2209-S-4-2,98.7,70.1,62.7,41,381.1,10.8,11.8,2015/5/1,2015/8/31,122,21.67452,7.04,493.504,441.408,463.08252,6.57
552,2015,112.449,43.841,N2207-W-3-1,44.9,16,13.2,9,106.2,8.5,21.2,2015/5/1,2015/8/31,122,9.86004,5.32,85.12,70.224,80.08404,6.29
553,2015,122.018,45.216,N2303-W-2-1,256.6,46.5,31.3,48,271.1,17.7,48.5,2015/5/1,2015/8/31,122,56.34936,7.04,327.36,220.352,276.70136,18.31
554,2015,120.926,44.327,N2046-W-10-2,388.4,138.7,96,36,302.5,11.9,44.4,2015/5/1,2015/8/31,122,85.29264,5.16,715.692,495.36,580.65264,23.26
555,2015,107.594,39.252,N498-W-4-4,62.7,23.5,18.1,20,126.2,15.8,29.8,2015/5/1,2015/8/31,122,13.76892,5.32,125.02,96.292,110.06092,13.59
556,2015,118.691,47.936,N885-S-21-3,95.2,56,58,25,371.2,6.7,-3.4,2015/5/1,2015/8/31,122,20.90592,5.16,288.96,299.28,320.18592,0.00
557,2015,118.849,49.598,N876-W-1-1,77.5,118,104,46,290.9,15.8,13.5,2015/5/1,2015/8/31,122,17.019,5.16,608.88,536.64,553.659,9.97
558,2015,118.749,47.886,N885-S-22-1,95.2,43.3,33.3,21,381.7,5.5,30,2015/5/1,2015/8/31,122,20.90592,5.16,223.428,171.828,192.73392,15.93
559,2015,113.6,43.798,N2207-S-10-1,44.9,18,16,10,144.9,6.9,12.5,2015/5/1,2015/8/31,122,9.86004,5.16,92.88,82.56,92.42004,0.50
560,2015,118.859,43.697,N368-S-7-7,244.5,55.5,42.2,27,368.5,7.3,31.6,2015/5/1,2015/8/31,122,53.6922,5.16,286.38,217.752,271.4442,5.50
561,2015,119.125,49.462,N876-W-3-1,77.5,22,22,22,300.9,7.3,0,2015/5/1,2015/8/31,122,17.019,5.16,113.52,113.52,130.539,0.00
562,2015,119.125,49.462,N876-W-3-2,77.5,16,28,22,300.9,7.3,-42.9,2015/5/1,2015/8/31,122,17.019,5.16,82.56,144.48,161.499,0.00
563,2015,119.125,49.462,N876-W-3-3,77.5,30,28,22,300.9,7.3,7.1,2015/5/1,2015/8/31,122,17.019,5.16,154.8,144.48,161.499,0.00
564,2015,119.903,45.185,N2046-W-2-1,388.4,96,64,60,461.7,13,50,2015/5/1,2015/8/31,122,85.29264,7.04,675.84,450.56,535.85264,26.12
565,2015,118.835,49.598,N876-W-1-3,77.5,112.7,99.3,48,288.4,16.6,13.4,2015/5/1,2015/8/31,122,17.019,5.16,581.532,512.388,529.407,9.85
566,2015,122.166,43.222,N2042-W-10-1,378.7,48,42.7,25,322.4,7.8,12.5,2015/5/1,2015/8/31,122,83.16252,5.16,247.68,220.332,303.49452,0.00
567,2015,107.724,39.562,N498-W-7-7,62.7,59.1,50.2,22,120.9,18.2,17.7,2015/5/1,2015/8/31,122,13.76892,5.32,314.412,267.064,280.83292,11.96
568,2015,121.635,44.208,N2043-W-9-2,317.6,32.7,16.7,23,289.5,7.9,96,2015/5/1,2015/8/31,122,69.74496,5.16,168.732,86.172,155.91696,8.22
569,2015,122.01,45.14,N2303-W-1-3,256.6,160.5,126.5,26,278.8,9.3,26.9,2015/5/1,2015/8/31,122,56.34936,7.04,1129.92,890.56,946.90936,19.33
570,2015,122.711,43.352,N2042-W-41-1,378.7,146.7,106.7,23,328.9,7,37.5,2015/5/1,2015/8/31,122,83.16252,5.16,756.972,550.572,633.73452,19.45
571,2015,119.127,48.746,N879-W-1-1,72.5,32.9,18.4,113,290.9,38.8,79,2015/5/1,2015/8/31,122,15.921,5.16,169.764,94.944,110.865,53.13
572,2015,112.449,43.841,N2207-W-6-1,44.9,40.1,48.1,9,106.2,8.5,-16.6,2015/5/1,2015/8/31,122,9.86004,5.32,213.332,255.892,265.75204,0.00
573,2015,122.166,43.222,N2042-W-10-2,378.7,50.7,40,27,309,8.7,26.7,2015/5/1,2015/8/31,122,83.16252,5.16,261.612,206.4,289.56252,0.00
574,2015,111.948,41.865,N2123-S-8-1,43.9,5.5,2,28,189.7,14.8,176.5,2015/5/1,2015/8/31,122,9.64044,5.16,28.38,10.32,19.96044,42.18
575,2015,121.293,44.399,N2046-W-7-1,388.4,120,88,0,334.2,0,36.4,2015/5/1,2015/8/31,122,85.29264,5.16,619.2,454.08,539.37264,14.80
576,2015,119.859,49.051,N879-W-7-3,72.5,64.1,54.1,2,435.3,0.5,18.4,2015/5/1,2015/8/31,122,15.921,5.16,330.756,279.156,295.077,12.09
577,2015,118.69,47.936,N885-S-21-1,95.2,46.7,34.7,25,371.2,6.7,34.6,2015/5/1,2015/8/31,122,20.90592,5.16,240.972,179.052,199.95792,20.51
578,2015,120.084,45.105,N2046-W-3-3,388.4,32,10.7,126,399.7,31.5,199.9,2015/5/1,2015/8/31,122,85.29264,7.04,225.28,75.328,160.62064,40.26
579,2015,121.403,44.355,N2043-W-3-1,317.6,36,178,30,291.1,10.3,-79.8,2015/5/1,2015/8/31,122,69.74496,5.16,185.76,918.48,988.22496,0.00
580,2015,114.421,42.444,N2211-S-6-2,82.4,13.3,7.3,39,172.8,22.6,81.9,2015/5/1,2015/8/31,122,18.09504,5.16,68.628,37.668,55.76304,23.07
581,2015,112.191,42.195,N2123-S-9-1,43.9,2.7,0.5,20,188.2,10.6,403.8,2015/5/1,2015/8/31,122,9.64044,5.16,13.932,2.58,12.22044,14.01
582,2015,122.067,44.197,N2043-W-1-1,317.6,41.3,20.7,55,293,18.8,100,2015/5/1,2015/8/31,122,69.74496,5.16,213.108,106.812,176.55696,20.70
583,2015,118.177,44.877,N2209-S-4-1,98.7,66.7,68.1,41,381.1,10.8,-2,2015/5/1,2015/8/31,122,21.67452,7.04,469.568,479.424,501.09852,0.00
584,2015,119.343,44.67,N369-S-8-1,423.3,37.3,8.3,195,337.7,57.7,348.1,2015/5/1,2015/8/31,122,92.95668,7.04,262.592,58.432,151.38868,73.46
585,2015,118.091,48.841,N885-S-24-3,95.2,40,57.3,27,244.1,11.1,-30.2,2015/5/1,2015/8/31,122,20.90592,5.16,206.4,295.668,316.57392,0.00
586,2015,112.674,42.83,N2206-W-1-3,62.7,31.5,40.3,13,116,11.2,-21.8,2015/5/1,2015/8/31,122,13.76892,5.16,162.54,207.948,221.71692,0.00
587,2015,116.324,44.309,N2210-S-2-2,103.3,80,76.7,36,313.8,11.5,4.3,2015/5/1,2015/8/31,122,22.68468,5.16,412.8,395.772,418.45668,0.00
588,2015,118.086,48.844,N885-S-24-1,95.2,69.2,70.4,28,242.2,11.6,-1.7,2015/5/1,2015/8/31,122,20.90592,5.16,357.072,363.264,384.16992,0.00
589,2015,118.085,48.842,N885-S-24-2,95.2,60,60,28,242.2,11.6,0,2015/5/1,2015/8/31,122,20.90592,5.16,309.6,309.6,330.50592,0.00
590,2015,119.066,43.039,N376-S-14-1,251.8,129.1,93.5,81,252.2,32.1,38.1,2015/5/1,2015/8/31,122,55.29528,5.16,666.156,482.46,537.75528,23.88
591,2015,118.219,44.889,N2209-S-3-2,98.7,80.7,126.1,47,387.8,12.1,-36,2015/5/1,2015/8/31,122,21.67452,7.04,568.128,887.744,909.41852,0.00
592,2015,116.642,49.099,N884-W-3-1,86.5,77.3,59.7,22,285.3,7.7,29.5,2015/5/1,2015/8/31,122,18.9954,5.16,398.868,308.052,327.0474,21.96
593,2015,121.214,44.42,N2046-W-8-1,388.4,128,90.7,24,300.1,8,41.2,2015/5/1,2015/8/31,122,85.29264,7.04,901.12,638.528,723.82064,24.49
594,2015,120.084,45.105,N2046-W-3-1,388.4,53.3,21.3,126,399.7,31.5,150,2015/5/1,2015/8/31,122,85.29264,7.04,375.232,149.952,235.24464,59.51
595,2015,107.472,38.385,N499-W-3-1,147.1,53.7,31.9,63,132,47.7,68.4,2015/5/1,2015/8/31,122,32.30316,5.32,285.684,169.708,202.01116,41.42
596,2015,116.324,44.31,N2210-S-2-3,103.3,92,68,36,313.8,11.5,35.3,2015/5/1,2015/8/31,122,22.68468,5.16,474.72,350.88,373.56468,27.08
597,2015,121.214,44.42,N2046-W-8-3,388.4,77.3,48,24,300.1,8,61.1,2015/5/1,2015/8/31,122,85.29264,7.04,544.192,337.92,423.21264,28.59
598,2015,120.098,44.2,N366-S-1-1,324.7,61.3,26.7,101,249.1,40.5,130,2015/5/1,2015/8/31,122,71.30412,7.04,431.552,187.968,259.27212,66.45
599,2015,119.568,45.184,N2046-W-1-1,388.4,106.7,80,108,432,25,33.3,2015/5/1,2015/8/31,122,85.29264,7.04,751.168,563.2,648.49264,15.83
600,2015,114.631,42.411,N2211-S-7-1,82.4,23.3,11.7,51,170.7,29.9,99.9,2015/5/1,2015/8/31,122,18.09504,5.16,120.228,60.372,78.46704,53.22
601,2015,121.881,44.315,N2043-W-7-3,317.6,15.3,14.7,38,273.8,13.9,4.5,2015/5/1,2015/8/31,122,69.74496,5.16,78.948,75.852,145.59696,0.00
602,2015,114.42,42.443,N2211-S-6-1,82.4,14.7,9,39,172.8,22.6,63,2015/5/1,2015/8/31,122,18.09504,5.16,75.852,46.44,64.53504,17.54
603,2015,117.334,48.587,N884-W-8-1,86.5,58.5,52.5,36,220.8,16.3,11.4,2015/5/1,2015/8/31,122,18.9954,5.16,301.86,270.9,289.8954,4.13
604,2015,107.822,39.396,N498-W-10-10,62.7,59.3,51.7,26,118.7,21.9,14.7,2015/5/1,2015/8/31,122,13.76892,5.32,315.476,275.044,288.81292,9.23
605,2015,119.829,48.534,N879-W-9-1,72.5,110.4,81.1,70,454.4,15.4,36.2,2015/5/1,2015/8/31,122,15.921,5.16,569.664,418.476,434.397,31.14
606,2015,112.083,44.316,N2207-W-9-1,44.9,5.6,8,14,97.1,14.4,-30,2015/5/1,2015/8/31,122,9.86004,5.32,29.792,42.56,52.42004,0.00
607,2015,109.11,39.97,N500-W-1-1,88.7,16.1,11.5,23,158.7,14.5,40.6,2015/5/1,2015/8/31,122,19.47852,5.32,85.652,61.18,80.65852,6.19
608,2015,122.248,43.027,N2042-W-40-1,378.7,5.3,4.5,43,297.1,14.5,17.7,2015/5/1,2015/8/31,122,83.16252,5.16,27.348,23.22,106.38252,0.00
609,2015,122.249,43.027,N2042-W-40-2,378.7,5.6,4.5,43,297.1,14.5,23.6,2015/5/1,2015/8/31,122,83.16252,5.16,28.896,23.22,106.38252,0.00
610,2015,115.959,48.551,N884-W-4-1,86.5,126.1,87.1,52,229.6,22.6,44.7,2015/5/1,2015/8/31,122,18.9954,5.16,650.676,449.436,468.4314,38.91
611,2015,120.307,44.929,N2046-W-5-3,388.4,90.7,80,63,429.1,14.7,13.3,2015/5/1,2015/8/31,122,85.29264,7.04,638.528,563.2,648.49264,0.00
612,2015,118.929,44.332,N369-S-5-1,423.3,90.7,64,105,391.7,26.8,41.7,2015/5/1,2015/8/31,122,92.95668,7.04,638.528,450.56,543.51668,17.48
613,2015,116.005,44.681,N2210-S-10-1,103.3,66.7,43.3,53,251.4,21.1,53.9,2015/5/1,2015/8/31,122,22.68468,5.16,344.172,223.428,246.11268,39.84
614,2015,121.634,44.219,N2043-W-4-1,317.6,92,83.3,43,282,15.2,10.4,2015/5/1,2015/8/31,122,69.74496,5.16,474.72,429.828,499.57296,0.00
615,2015,121.633,44.219,N2043-W-4-3,317.6,61.3,72,43,282,15.2,-14.8,2015/5/1,2015/8/31,122,69.74496,5.16,316.308,371.52,441.26496,0.00
616,2015,122.018,45.216,N2303-W-2-2,256.6,47,35.8,48,271.1,17.7,31.3,2015/5/1,2015/8/31,122,56.34936,7.04,330.88,252.032,308.38136,7.30
617,2015,116.433,44.251,N2210-S-9-3,103.3,40,37.3,49,305.2,16.1,7.2,2015/5/1,2015/8/31,122,22.68468,5.16,206.4,192.468,215.15268,0.00
618,2015,117.557,44.843,N2209-S-1-2,98.7,28,23.3,52,322.1,16.1,20,2015/5/1,2015/8/31,122,21.67452,5.16,144.48,120.228,141.90252,1.82
619,2015,116.061,47.928,N884-W-6-1,86.5,51.5,37.2,14,223.4,6.3,38.6,2015/5/1,2015/8/31,122,18.9954,5.16,265.74,191.952,210.9474,25.97
620,2015,118.929,44.332,N369-S-5-3,423.3,106.7,58.7,97,401.2,24.2,81.8,2015/5/1,2015/8/31,122,92.95668,7.04,751.168,413.248,506.20468,48.39
621,2015,121.293,44.399,N2046-W-7-2,388.4,109.3,72,0,334.2,0,51.8,2015/5/1,2015/8/31,122,85.29264,5.16,563.988,371.52,456.81264,23.46
622,2015,117.093,47.944,N884-W-2-1,86.5,114.6,91.8,3,277.2,1.1,24.8,2015/5/1,2015/8/31,122,18.9954,5.16,591.336,473.688,492.6834,20.02
623,2015,115.196,44.223,N2202-S-2-1,74.3,63.7,46.7,23,294.5,7.8,36.4,2015/5/1,2015/8/31,122,16.31628,5.16,328.692,240.972,257.28828,27.75
624,2015,110.929,42.26,N2123-S-5-5,43.9,0.9,0.3,21,115.2,18.2,181.8,2015/5/1,2015/8/31,122,9.64044,5.32,4.788,1.596,11.23644,0.00
625,2015,121.64,44.184,N2043-W-10-1,317.6,24,16.7,52,278.4,18.7,44,2015/5/1,2015/8/31,122,69.74496,5.16,123.84,86.172,155.91696,0.00
626,2015,112.099,44.25,N2207-W-8-1,44.9,40,40,18,92.6,19.4,0,2015/5/1,2015/8/31,122,9.86004,5.32,212.8,212.8,222.66004,0.00
627,2015,120.108,45.1,N2046-W-4-2,388.4,117.3,64,114,412,27.7,83.3,2015/5/1,2015/8/31,122,85.29264,7.04,825.792,450.56,535.85264,54.11
628,2015,121.433,44.301,N2043-W-7-1,317.6,66.7,29.3,62,273.9,22.6,127.3,2015/5/1,2015/8/31,122,69.74496,5.16,344.172,151.188,220.93296,55.78
629,2015,120.926,44.326,N2046-W-10-1,388.4,176,112,36,302.5,11.9,57.1,2015/5/1,2015/8/31,122,85.29264,5.16,908.16,577.92,663.21264,36.93
630,2015,118.508,44.773,N2209-S-5-1,98.7,109.4,70.7,99,375,26.4,54.7,2015/5/1,2015/8/31,122,21.67452,7.04,770.176,497.728,519.40252,48.28
631,2015,119.162,43.314,N368-S-9-9,244.5,68.9,55.5,55,270,20.4,24,2015/5/1,2015/8/31,122,53.6922,5.16,355.524,286.38,340.0722,4.54
632,2015,119.903,45.185,N2046-W-2-2,388.4,85.3,48,60,461.7,13,77.8,2015/5/1,2015/8/31,122,85.29264,7.04,600.512,337.92,423.21264,41.89
633,2015,114.421,42.444,N2211-S-6-3,82.4,15.3,10.7,39,172.8,22.6,43.7,2015/5/1,2015/8/31,122,18.09504,5.16,78.948,55.212,73.30704,7.69
634,2015,116.59,48.686,N884-W-7-1,86.5,144.8,89.2,74,233.8,31.7,62.4,2015/5/1,2015/8/31,122,18.9954,5.16,747.168,460.272,479.2674,55.90
635,2015,123.069,43.191,N2042-W-31-2,378.7,34.7,66.7,66,293,22.5,-48,2015/5/1,2015/8/31,122,83.16252,5.16,179.052,344.172,427.33452,0.00
636,2015,118.98,44.268,N369-S-2-3,423.3,92.7,73,99,388.4,25.5,26.9,2015/5/1,2015/8/31,122,92.95668,7.04,652.608,513.92,606.87668,7.54
637,2015,119.858,49.051,N879-W-7-1,72.5,69.6,52.4,2,435.3,0.5,32.8,2015/5/1,2015/8/31,122,15.921,5.16,359.136,270.384,286.305,25.44
638,2015,109.003,39.5,N500-S-5-1,88.7,15.6,15.6,47,203.6,23.1,0,2015/5/1,2015/8/31,122,19.47852,5.32,82.992,82.992,102.47052,0.00
639,2015,109.285,39.169,N501-W-10-3,111.5,57.3,40.5,0,306.4,0,41.7,2015/5/1,2015/8/31,122,24.4854,5.32,304.836,215.46,239.9454,27.04
640,2015,114.631,42.412,N2211-S-7-3,82.4,21.3,9.3,51,170.7,29.9,128.6,2015/5/1,2015/8/31,122,18.09504,5.16,109.908,47.988,66.08304,66.32
641,2015,119.823,48.55,N879-W-8-1,72.5,68.7,148.5,101,419.1,24.1,-53.7,2015/5/1,2015/8/31,122,15.921,5.16,354.492,766.26,782.181,0.00
642,2015,119.823,48.551,N879-W-8-2,72.5,125,151.1,101,419.1,24.1,-17.3,2015/5/1,2015/8/31,122,15.921,5.16,645,779.676,795.597,0.00
643,2015,119.823,48.55,N879-W-8-3,72.5,73.8,149.1,101,419.1,24.1,-50.5,2015/5/1,2015/8/31,122,15.921,5.16,380.808,769.356,785.277,0.00
644,2015,119.343,48.422,N879-W-2-3,72.5,75.2,47.1,83,360.8,23,59.6,2015/5/1,2015/8/31,122,15.921,5.16,388.032,243.036,258.957,49.84
645,2015,107.894,39.24,N498-W-5-5,62.7,36.3,31.8,35,126.8,27.6,14.1,2015/5/1,2015/8/31,122,13.76892,5.32,193.116,169.176,182.94492,5.56
646,2015,119.127,48.746,N879-W-1-2,72.5,25.9,18.7,113,290.9,38.8,38.1,2015/5/1,2015/8/31,122,15.921,5.16,133.644,96.492,112.413,18.89
647,2015,121.104,43.876,N2040-W-3-2,388.4,37.3,18,67,264.8,25.3,107.4,2015/5/1,2015/8/31,122,85.29264,5.16,192.468,92.88,178.17264,8.02
648,2015,121.104,43.876,N2040-W-3-3,388.4,34,14.7,67,264.8,25.3,131.8,2015/5/1,2015/8/31,122,85.29264,5.16,175.44,75.852,161.14464,8.87
649,2015,121.904,44.261,N2043-W-2-3,317.6,140.7,83.7,37,272.4,13.6,68,2015/5/1,2015/8/31,122,69.74496,5.16,726.012,431.892,501.63696,44.73
650,2015,123.024,43.432,N2042-W-35-2,378.7,40,21.3,75,290.7,25.8,87.5,2015/5/1,2015/8/31,122,83.16252,5.16,206.4,109.908,193.07052,6.90
