Continents/regions,year,mod_land1,mod_land2,mod_land3,mod_land4,mod_land5,mod_land6,mod_land7,mod_land8,mod_land9,mod_land10,mod_land12,mod_land14,
North America,2018,1.15E+12,2.14E+11,5386793601,9.16E+11,9.54E+11,26346152022,2.27E+12,3.24E+12,2.66E+12,5.30E+12,1.96E+12,1.65E+11,
Europe,2018,6.21E+11,20784858396,266331311,3.62E+11,1.48E+12,1785388204,2.41E+11,1.28E+12,1.14E+12,1.38E+12,2.46E+12,2.51E+11,
Africa,2018,3945611674,2.21E+12,5312857.28,3.26E+11,2.61E+11,1.56E+11,1.80E+12,1.14E+12,4.27E+12,7.73E+12,1.32E+12,2.84E+11,
Australia,2018,38146669550,2.03E+11,393388.4531,1458359440,5776681967,3.36E+11,4.15E+12,1.45E+11,5.15E+11,1.84E+12,2.57E+11,1028974289,
E Asia,2018,1.04E+11,2.35E+12,11118615837,5.93E+11,4.99E+11,3534241069,12018837051,1.74E+12,1.12E+12,3.03E+12,1.78E+12,4.13E+11,
N Asia,2018,3.69E+11,0,4.10E+11,2.98E+11,1.33E+12,37668491377,3.11E+12,2.22E+12,2.46E+12,2.76E+12,2.65E+11,48387617359,
S Asia,2018,35579277759,1.50E+11,1544084.813,80740014882,1.12E+11,171951629.9,2.89E+11,1.87E+11,2.41E+11,6.53E+11,2.19E+12,97271598808,
SE Asia,2018,8190890374,2.07E+12,12677234.46,70145769288,82796654009,575066907.4,130938927.2,8.24E+11,3.53E+11,2.04E+11,4.90E+11,1.46E+11,
SW Asia,2018,20160962950,409402509,2170382.606,46848801703,17511699656,266589589.5,3.72E+11,61416947209,78140058175,9.16E+11,4.22E+11,7710862727,
Central Asia,2018,1425509704,3551742.264,144688181.7,1265264538,8411480603,532910011.8,1.47E+11,9355916036,12667017513,2.78E+12,2.16E+11,857307746.9,
Central America,2018,48855575.7,1.51E+11,905323.4474,4742399249,1136171731,207794275.5,3356998.797,1.73E+11,1.25E+11,24184461239,10268654165,6523143231,
South America,2018,40381344544,6.21E+12,6163268.348,2.89E+11,65293256899,46752337952,8.30E+11,9.34E+11,3.47E+12,3.84E+12,7.35E+11,1.24E+11,
North America,2017,1.18E+12,2.09E+11,6378836607,9.11E+11,9.51E+11,23252105642,2.23E+12,3.24E+12,2.68E+12,5.33E+12,1.95E+12,1.70E+11,
Europe,2017,6.28E+11,21473230966,254587576.4,3.68E+11,1.48E+12,1855804397,2.40E+11,1.28E+12,1.13E+12,1.38E+12,2.46E+12,2.39E+11,
Africa,2017,3820009832,2.21E+12,4073921.202,3.39E+11,2.74E+11,1.52E+11,1.81E+12,1.12E+12,4.24E+12,7.76E+12,1.31E+12,2.87E+11,
Australia,2017,39398721965,2.07E+11,596933.5781,1612879703,6652236171,3.31E+11,4.10E+12,1.42E+11,5.51E+11,1.84E+12,2.87E+11,1051026309,
E Asia,2017,1.01E+11,2.32E+12,13328516686,6.03E+11,5.08E+11,3289876529,12420113959,1.74E+12,1.14E+12,3.02E+12,1.80E+12,4.05E+11,
N Asia,2017,3.76E+11,0,3.95E+11,3.09E+11,1.33E+12,35439186140,3.09E+12,2.29E+12,2.44E+12,2.74E+12,2.57E+11,45655685716,
S Asia,2017,33863127541,1.50E+11,1344583.719,89384277788,1.19E+11,181893589.6,2.84E+11,1.82E+11,2.32E+11,6.43E+11,2.23E+12,93922658716,
SE Asia,2017,8046776199,2.06E+12,15043621.46,73287855410,88820375479,692829330,152238385.9,8.26E+11,3.52E+11,2.00E+11,5.01E+11,1.44E+11,
SW Asia,2017,19066720558,319947281.8,1251153.637,45376529186,17244766124,220395247.2,3.70E+11,61095862438,77929883182,9.41E+11,4.09E+11,7344009977,
Central Asia,2017,1225189422,3744763.045,112348432.3,1355185301,8354979888,461918382.4,1.37E+11,9825956440,11233923988,2.79E+12,2.19E+11,862453716.9,
Central America,2017,51759679.9,1.53E+11,478409.7338,5436050993,1325007428,165141953.8,3385149.141,1.72E+11,1.26E+11,21709204813,10213925638,6618492009,
South America,2017,40825998682,6.21E+12,5107649.828,3.06E+11,67036760376,56061357630,8.24E+11,9.25E+11,3.49E+12,3.81E+12,7.39E+11,1.21E+11,
North America,2016,1.19E+12,2.14E+11,6466010919,9.02E+11,9.36E+11,24985690021,2.22E+12,3.27E+12,2.63E+12,5.35E+12,1.97E+12,1.69E+11,
Europe,2016,6.47E+11,22080647944,369243210.2,3.71E+11,1.47E+12,1851012697,2.39E+11,1.29E+12,1.12E+12,1.38E+12,2.45E+12,2.42E+11,
Africa,2016,4073207762,2.21E+12,3105805.717,3.39E+11,2.82E+11,1.59E+11,1.80E+12,1.13E+12,4.20E+12,7.81E+12,1.30E+12,2.85E+11,
Australia,2016,38960077114,2.06E+11,1770582.509,1749538909,7655162039,3.26E+11,4.13E+12,1.37E+11,5.78E+11,1.76E+12,3.37E+11,1013645595,
E Asia,2016,1.00E+11,2.29E+12,15783230031,6.06E+11,5.13E+11,4167579727,11570343661,1.76E+12,1.13E+12,3.02E+12,1.81E+12,3.98E+11,
N Asia,2016,3.73E+11,0,3.96E+11,3.23E+11,1.32E+12,37128168153,3.15E+12,2.34E+12,2.35E+12,2.73E+12,2.53E+11,44991775381,
S Asia,2016,33332812483,1.46E+11,2399968.609,84856135385,1.19E+11,188657000.9,2.84E+11,1.88E+11,2.33E+11,6.64E+11,2.21E+12,92717276788,
SE Asia,2016,8023606974,2.03E+12,17075095.02,73125906415,96158857778,870608641.5,172308748.7,8.35E+11,3.53E+11,2.03E+11,5.12E+11,1.44E+11,
SW Asia,2016,19155017248,410918500.6,1822355.774,45686190693,17499539556,210779039,3.59E+11,62060930673,72885212738,9.50E+11,4.24E+11,6841528769,
Central Asia,2016,1114824057,4486749.576,128950414.7,1227467197,8285280444,458028207.8,1.26E+11,9542951328,10621978506,2.79E+12,2.23E+11,614392093.3,
Central America,2016,54080632.83,1.54E+11,458228.6407,4517216570,1329020402,171018930.8,2669516.125,1.70E+11,1.27E+11,21912748150,10565710904,6692290155,
South America,2016,40899066314,6.21E+12,6576163.984,2.89E+11,67539676645,60077357287,8.08E+11,9.25E+11,3.52E+12,3.81E+12,7.18E+11,1.22E+11,
North America,2015,1.20E+12,2.15E+11,6561153230,9.01E+11,9.35E+11,25142227935,2.22E+12,3.27E+12,2.64E+12,5.36E+12,1.97E+12,1.60E+11,
Europe,2015,6.51E+11,21921761488,345494973.4,3.70E+11,1.46E+12,1846689168,2.39E+11,1.28E+12,1.14E+12,1.39E+12,2.45E+12,2.29E+11,
Africa,2015,4184716869,2.21E+12,3098760.873,3.41E+11,2.79E+11,1.58E+11,1.78E+12,1.13E+12,4.21E+12,7.84E+12,1.30E+12,2.82E+11,
Australia,2015,38895392266,2.07E+11,1177941.619,1727178689,7289494173,3.24E+11,4.14E+12,1.36E+11,5.82E+11,1.76E+12,3.16E+11,950745829.3,
E Asia,2015,1.00E+11,2.28E+12,16089548904,6.02E+11,5.05E+11,4221059350,11288906746,1.78E+12,1.14E+12,3.03E+12,1.81E+12,3.87E+11,
N Asia,2015,3.78E+11,0,4.06E+11,3.18E+11,1.32E+12,36954023242,3.15E+12,2.33E+12,2.35E+12,2.74E+12,2.55E+11,40625670890,
S Asia,2015,33486535208,1.46E+11,1970464.219,84340481784,1.20E+11,182293923.2,2.84E+11,1.91E+11,2.33E+11,6.62E+11,2.22E+12,89055556285,
SE Asia,2015,8065967142,2.03E+12,15187178.2,72042077541,96166272472,677382793.5,176486777.7,8.38E+11,3.58E+11,2.02E+11,5.10E+11,1.42E+11,
SW Asia,2015,19606871614,438848700.2,1648607.469,45591250115,17423535670,225348289.5,3.57E+11,62113200476,72640210063,9.48E+11,4.26E+11,6289487606,
Central Asia,2015,1070317412,5645033.03,103019518.8,1165000580,8204474647,420721862.1,1.26E+11,9079481354,10388205890,2.78E+12,2.20E+11,468973313.3,
Central America,2015,54929771.64,1.54E+11,698587.1251,4537180937,1350750840,138695524.4,2425931.391,1.71E+11,1.26E+11,21342368457,10677503462,6425109749,
South America,2015,41148780200,6.23E+12,6255301.733,2.90E+11,67483625472,57868332589,8.06E+11,9.27E+11,3.55E+12,3.78E+12,7.13E+11,1.20E+11,
North America,2014,1.21E+12,2.15E+11,6692563160,9.04E+11,9.30E+11,25231269948,2.23E+12,3.26E+12,2.64E+12,5.35E+12,1.98E+12,1.54E+11,
Europe,2014,6.54E+11,21739148086,317880860.2,3.67E+11,1.45E+12,1974323507,2.40E+11,1.28E+12,1.15E+12,1.40E+12,2.45E+12,2.23E+11,
Africa,2014,4253464327,2.21E+12,3346097.389,3.46E+11,2.74E+11,1.55E+11,1.75E+12,1.15E+12,4.23E+12,7.84E+12,1.30E+12,2.83E+11,
Australia,2014,38489808132,2.08E+11,980602.0404,1473360563,7004144325,3.24E+11,4.13E+12,1.36E+11,5.83E+11,1.78E+12,3.03E+11,923524074.7,
E Asia,2014,1.01E+11,2.27E+12,16371402645,5.98E+11,4.94E+11,4837599529,10889029500,1.80E+12,1.15E+12,3.03E+12,1.80E+12,3.83E+11,
N Asia,2014,3.82E+11,0,4.19E+11,3.15E+11,1.32E+12,37582794539,3.16E+12,2.31E+12,2.35E+12,2.74E+12,2.58E+11,34296738188,
S Asia,2014,33567280010,1.46E+11,1745781.156,85108325549,1.19E+11,180847081.6,2.84E+11,1.94E+11,2.31E+11,6.57E+11,2.23E+12,85900215049,
SE Asia,2014,8142549659,2.03E+12,11210502.68,71204330134,95648688661,660918942.2,161441206.3,8.42E+11,3.60E+11,2.01E+11,5.05E+11,1.42E+11,
SW Asia,2014,19890341261,457040767.1,1631553.165,45552371554,17174599128,261629226.3,3.59E+11,61336444011,72132555376,9.54E+11,4.18E+11,5893899129,
Central Asia,2014,1049154829,7189370.264,95489299.64,1127338331,8126379357,410497270.5,1.28E+11,8547545129,10043364264,2.78E+12,2.15E+11,310915028,
Central America,2014,56380349,1.54E+11,698587.1251,4800673357,1327781656,108115578.8,1222715.922,1.71E+11,1.26E+11,21278439967,10685012031,6302054280,
South America,2014,42144039475,6.24E+12,5024976.281,2.82E+11,67020215571,54890898199,8.07E+11,9.36E+11,3.60E+12,3.73E+12,7.10E+11,1.20E+11,
North America,2013,1.22E+12,2.13E+11,6552279865,9.06E+11,9.25E+11,25331198079,2.25E+12,3.25E+12,2.62E+12,5.37E+12,1.98E+12,1.50E+11,
Europe,2013,6.49E+11,21367028364,320171373.6,3.59E+11,1.44E+12,2106723456,2.40E+11,1.29E+12,1.16E+12,1.42E+12,2.45E+12,2.19E+11,
Africa,2013,4201232910,2.22E+12,1879497.155,3.49E+11,2.68E+11,1.55E+11,1.74E+12,1.16E+12,4.24E+12,7.84E+12,1.29E+12,2.77E+11,
Australia,2013,38135560588,2.09E+11,980602.0404,1162464086,6652038341,3.25E+11,4.11E+12,1.34E+11,5.74E+11,1.82E+12,2.94E+11,933144025.3,
E Asia,2013,1.00E+11,2.28E+12,16960437787,5.98E+11,4.86E+11,5355350134,10367070160,1.81E+12,1.14E+12,3.04E+12,1.80E+12,3.83E+11,
N Asia,2013,3.86E+11,0,4.48E+11,3.15E+11,1.32E+12,38756682355,3.19E+12,2.28E+12,2.33E+12,2.74E+12,2.58E+11,30737172125,
S Asia,2013,33295346871,1.45E+11,1107604.672,87248817993,1.19E+11,176546854.5,2.85E+11,1.96E+11,2.25E+11,6.57E+11,2.23E+12,83537894891,
SE Asia,2013,8194538190,2.04E+12,7397346.277,71013192586,95017281986,631071598.7,138607504.5,8.39E+11,3.61E+11,1.99E+11,4.98E+11,1.44E+11,
SW Asia,2013,19465831137,463150583.8,1631553.165,45576518752,16857973004,332043119.6,3.55E+11,60098780648,72566199547,9.51E+11,4.17E+11,5665023844,
Central Asia,2013,1032207812,7382500.936,103019728.7,1106731996,8091966732,465720721.4,1.27E+11,8190898011,10074804598,2.79E+12,2.11E+11,227188547.8,
Central America,2013,53244312.69,1.56E+11,698587.1251,5123154645,1325837402,101347965.1,737303.0781,1.70E+11,1.26E+11,21126655817,10553963230,6249883608,
South America,2013,42153897499,6.24E+12,4036493.656,2.77E+11,66875386258,52934049960,8.10E+11,9.40E+11,3.64E+12,3.70E+12,6.97E+11,1.20E+11,
North America,2012,1.23E+12,2.13E+11,6488787622,8.95E+11,9.16E+11,25145970176,2.27E+12,3.25E+12,2.61E+12,5.38E+12,1.97E+12,1.49E+11,
Europe,2012,6.46E+11,20880928285,273770778.2,3.53E+11,1.43E+12,2308883488,2.40E+11,1.29E+12,1.17E+12,1.42E+12,2.45E+12,2.16E+11,
Africa,2012,4065725508,2.22E+12,2121854.858,3.62E+11,2.62E+11,1.56E+11,1.74E+12,1.16E+12,4.24E+12,7.83E+12,1.29E+12,2.71E+11,
Australia,2012,38035740387,2.10E+11,387256.5248,893575524,6027271020,3.21E+11,4.08E+12,1.34E+11,5.63E+11,1.90E+12,2.76E+11,930827546.9,
E Asia,2012,99825158319,2.29E+12,16714034306,5.93E+11,4.81E+11,5689329471,9279609681,1.81E+12,1.14E+12,3.05E+12,1.80E+12,3.77E+11,
N Asia,2012,3.89E+11,0,4.71E+11,3.14E+11,1.33E+12,38752973880,3.20E+12,2.24E+12,2.32E+12,2.74E+12,2.60E+11,30845141068,
S Asia,2012,32990812685,1.46E+11,882905.1719,87539507524,1.16E+11,173224440.6,2.84E+11,1.98E+11,2.20E+11,6.66E+11,2.23E+12,81867532129,
SE Asia,2012,8202165411,2.06E+12,6318140.906,69319002639,93726583557,654177343.6,122987802.1,8.31E+11,3.59E+11,1.96E+11,4.93E+11,1.46E+11,
SW Asia,2012,18915438449,470618886.5,1642003.446,45198480427,16612307335,431197966.9,3.45E+11,59257609134,73270935163,9.44E+11,4.11E+11,5426854677,
Central Asia,2012,991698203.9,7382500.936,105979231.1,1107922069,8092841459,476049735.7,1.24E+11,7981834680,10324790294,2.80E+12,2.05E+11,185223161.4,
Central America,2012,51649287.59,1.57E+11,213982.3282,5100208881,1266915754,97243293.41,492157.9688,1.70E+11,1.25E+11,21310708580,10298092372,6260671986,
South America,2012,40881237307,6.25E+12,5036077.255,2.90E+11,67856722607,52486823731,8.16E+11,9.42E+11,3.64E+12,3.68E+12,6.87E+11,1.19E+11,
North America,2011,1.23E+12,2.11E+11,6123434757,8.96E+11,9.08E+11,25845888741,2.28E+12,3.26E+12,2.61E+12,5.39E+12,1.97E+12,1.50E+11,
Europe,2011,6.44E+11,20258649010,255553162.5,3.56E+11,1.41E+12,2462702517,2.40E+11,1.29E+12,1.19E+12,1.41E+12,2.46E+12,2.19E+11,
Africa,2011,4101847098,2.22E+12,2121854.858,3.79E+11,2.59E+11,1.59E+11,1.75E+12,1.16E+12,4.24E+12,7.80E+12,1.29E+12,2.70E+11,
Australia,2011,37738021347,2.10E+11,387256.5248,801675827.2,5567406090,3.08E+11,4.05E+12,1.32E+11,5.47E+11,1.96E+12,2.70E+11,908350792.8,
E Asia,2011,99136623909,2.31E+12,17005704926,5.93E+11,4.79E+11,6051807574,8840207675,1.80E+12,1.14E+12,3.05E+12,1.80E+12,3.73E+11,
N Asia,2011,3.92E+11,0,4.91E+11,3.13E+11,1.33E+12,39546907292,3.21E+12,2.18E+12,2.32E+12,2.74E+12,2.63E+11,34217202768,
S Asia,2011,32973327067,1.47E+11,658309.9375,88390080129,1.15E+11,172777542.9,2.77E+11,1.98E+11,2.17E+11,6.73E+11,2.23E+12,80582066937,
SE Asia,2011,8201694004,2.08E+12,5109729.874,69637976198,92659936575,678704185.4,119669079.9,8.16E+11,3.57E+11,1.95E+11,4.91E+11,1.47E+11,
SW Asia,2011,18672523357,497003155.6,2005549.196,45118066022,16576989649,488339387.1,3.43E+11,58752037732,73790010801,9.42E+11,4.09E+11,5354182517,
Central Asia,2011,993316625,7575570.561,112830679,1200321749,8157392491,447607826.3,1.21E+11,7688317897,10785436161,2.80E+12,2.08E+11,171645270.3,
Central America,2011,51720510.94,1.58E+11,213982.3282,5220198521,1264343647,100076247.8,492157.9688,1.68E+11,1.25E+11,21487670638,10152300608,6304984331,
South America,2011,40527999734,6.25E+12,6170065.099,3.13E+11,69839608168,51708393931,8.26E+11,9.47E+11,3.62E+12,3.66E+12,6.83E+11,1.18E+11,
North America,2010,1.22E+12,2.13E+11,5467381938,9.03E+11,9.01E+11,27143785746,2.26E+12,3.27E+12,2.60E+12,5.40E+12,1.98E+12,1.50E+11,
Europe,2010,6.39E+11,19913548019,236739452.1,3.55E+11,1.40E+12,2614901823,2.38E+11,1.29E+12,1.20E+12,1.41E+12,2.47E+12,2.19E+11,
Africa,2010,4022209489,2.22E+12,2118141.655,3.88E+11,2.55E+11,1.62E+11,1.77E+12,1.16E+12,4.24E+12,7.76E+12,1.30E+12,2.71E+11,
Australia,2010,36914646241,2.08E+11,387256.5248,782188124.6,5689485317,2.87E+11,4.08E+12,1.33E+11,5.37E+11,1.95E+12,2.80E+11,872601377.3,
E Asia,2010,98220622375,2.32E+12,17028849160,5.89E+11,4.80E+11,6140509936,8528050244,1.79E+12,1.13E+12,3.06E+12,1.80E+12,3.72E+11,
N Asia,2010,3.94E+11,0,4.96E+11,3.07E+11,1.34E+12,40174076152,3.21E+12,2.13E+12,2.34E+12,2.74E+12,2.66E+11,36119355132,
S Asia,2010,33223014002,1.48E+11,863173.5781,89671797287,1.14E+11,185484198.6,2.72E+11,1.97E+11,2.12E+11,6.70E+11,2.24E+12,78815060264,
SE Asia,2010,8220834534,2.10E+12,4678726.544,69754887547,92268420091,738072937,128304642.7,8.00E+11,3.56E+11,1.95E+11,4.92E+11,1.48E+11,
SW Asia,2010,18007125413,484224759.5,1467974.977,45155569159,16455039097,474815838,3.39E+11,58521099719,74812798855,9.42E+11,4.10E+11,5170025353,
Central Asia,2010,1013010444,7768652.405,105139631.8,1196708165,8097114941,413566180.2,1.17E+11,7471146036,10919895685,2.82E+12,2.05E+11,141470604.6,
Central America,2010,51819450.19,1.60E+11,213982.3282,5102927822,1297443971,115066271,738221.9063,1.66E+11,1.25E+11,21728308333,10080939212,6334902024,
South America,2010,40596656382,6.26E+12,5882922.677,3.25E+11,70773886607,53989490304,8.36E+11,9.39E+11,3.61E+12,3.66E+12,6.74E+11,1.20E+11,
North America,2009,1.21E+12,2.16E+11,5157624263,9.18E+11,8.98E+11,28680970026,2.25E+12,3.26E+12,2.60E+12,5.41E+12,1.97E+12,1.48E+11,
Europe,2009,6.37E+11,19909543115,246224404.2,3.63E+11,1.39E+12,2808686982,2.38E+11,1.28E+12,1.21E+12,1.40E+12,2.48E+12,2.22E+11,
Africa,2009,3928687843,2.23E+12,1699946.731,3.86E+11,2.49E+11,1.65E+11,1.78E+12,1.16E+12,4.25E+12,7.73E+12,1.30E+12,2.71E+11,
Australia,2009,35988756823,2.06E+11,387256.5248,812694357.9,5740686297,2.79E+11,4.08E+12,1.38E+11,5.26E+11,1.92E+12,2.80E+11,804777206.6,
E Asia,2009,97432120255,2.32E+12,16429507758,5.76E+11,4.79E+11,6009023708,8250423025,1.79E+12,1.13E+12,3.06E+12,1.79E+12,3.76E+11,
N Asia,2009,3.93E+11,0,4.84E+11,3.00E+11,1.34E+12,39341840583,3.20E+12,2.11E+12,2.37E+12,2.75E+12,2.69E+11,37488931183,
S Asia,2009,33238969260,1.49E+11,429546.7031,86889061810,1.12E+11,213201266.1,2.75E+11,1.97E+11,2.13E+11,6.78E+11,2.22E+12,79754739204,
SE Asia,2009,8223716167,2.11E+12,5880034.048,69512020743,92428528654,741727774,128680878.7,7.87E+11,3.56E+11,1.95E+11,4.90E+11,1.52E+11,
SW Asia,2009,17438777116,477405097.2,1279456.196,45148904002,16229315331,483872426.6,3.37E+11,58503734320,75142181610,9.44E+11,4.05E+11,5041805865,
Central Asia,2009,1050076526,7768652.405,101626844.3,1225065181,8048069032,317921344.7,1.14E+11,7539776126,11297277123,2.82E+12,2.11E+11,146771374.5,
Central America,2009,49986669.7,1.62E+11,0,4911315123,1350657878,140862832.6,738221.9063,1.64E+11,1.26E+11,21887404524,10273885626,6232516035,
South America,2009,40301388395,6.27E+12,9282120.391,3.35E+11,71513693149,55713104363,8.47E+11,9.34E+11,3.59E+12,3.66E+12,6.58E+11,1.19E+11,
North America,2008,1.19E+12,2.21E+11,4925859059,9.14E+11,8.89E+11,30319529944,2.22E+12,3.28E+12,2.60E+12,5.44E+12,1.97E+12,1.45E+11,
Europe,2008,6.42E+11,19894250830,236880129.7,3.68E+11,1.39E+12,2998179547,2.37E+11,1.28E+12,1.21E+12,1.39E+12,2.48E+12,2.21E+11,
Africa,2008,3780506042,2.23E+12,1954120.122,3.84E+11,2.39E+11,1.69E+11,1.80E+12,1.16E+12,4.26E+12,7.71E+12,1.30E+12,2.70E+11,
Australia,2008,35352458276,2.03E+11,197327.7969,745785704.8,5337363529,2.76E+11,4.12E+12,1.37E+11,5.09E+11,1.90E+12,2.76E+11,779437948.8,
E Asia,2008,96629797807,2.33E+12,15686394178,5.67E+11,4.80E+11,5743368812,7986913777,1.79E+12,1.13E+12,3.06E+12,1.80E+12,3.77E+11,
N Asia,2008,3.92E+11,0,4.73E+11,2.91E+11,1.34E+12,39022604762,3.19E+12,2.10E+12,2.40E+12,2.74E+12,2.71E+11,35719778771,
S Asia,2008,33230758946,1.51E+11,422703.0781,81350934431,1.12E+11,227582414.2,2.73E+11,1.99E+11,2.16E+11,6.78E+11,2.21E+12,80565841471,
SE Asia,2008,8215422999,2.13E+12,5698626.374,69700698625,93466743238,702519168.4,146741944.6,7.74E+11,3.55E+11,1.91E+11,4.91E+11,1.53E+11,
SW Asia,2008,16700325741,440092924.9,2006510.509,44558717312,15941845162,464343761.3,3.36E+11,58808157530,75374824143,9.52E+11,3.98E+11,4892564012,
Central Asia,2008,1078142179,7768652.405,102054871.3,1237229408,8057432099,258851453.5,1.11E+11,7431536295,11425190938,2.82E+12,2.14E+11,135180734.2,
Central America,2008,49774646.3,1.65E+11,0,4900245815,1364709720,157248099,737878.5938,1.61E+11,1.26E+11,21337940844,10385477517,6268615738,
South America,2008,39767626824,6.28E+12,9063086.234,3.50E+11,72938341973,57762880547,8.51E+11,9.25E+11,3.56E+12,3.67E+12,6.56E+11,1.17E+11,
North America,2007,1.18E+12,2.24E+11,4589220161,9.08E+11,8.82E+11,31728874239,2.21E+12,3.31E+12,2.61E+12,5.43E+12,1.97E+12,1.39E+11,
Europe,2007,6.46E+11,19815598803,289413171.2,3.69E+11,1.39E+12,3348785298,2.35E+11,1.28E+12,1.21E+12,1.39E+12,2.48E+12,2.19E+11,
Africa,2007,3671383357,2.24E+12,2450356.294,3.82E+11,2.32E+11,1.73E+11,1.80E+12,1.16E+12,4.26E+12,7.71E+12,1.29E+12,2.70E+11,
Australia,2007,34426665922,1.98E+11,197327.7969,745225723.3,5294628900,2.80E+11,4.13E+12,1.38E+11,4.94E+11,1.90E+12,2.74E+11,728884937.7,
E Asia,2007,95842131560,2.35E+12,15063158629,5.66E+11,4.83E+11,5611013473,7955218379,1.77E+12,1.12E+12,3.06E+12,1.81E+12,3.74E+11,
N Asia,2007,3.91E+11,0,4.66E+11,2.85E+11,1.35E+12,38014432808,3.18E+12,2.09E+12,2.43E+12,2.73E+12,2.69E+11,33715728130,
S Asia,2007,32916923550,1.52E+11,1049879.828,80938269380,1.11E+11,245973155.8,2.71E+11,1.98E+11,2.17E+11,6.77E+11,2.21E+12,80657522343,
SE Asia,2007,8235898273,2.15E+12,5773659.986,72432288554,94809464903,665560338.3,154481775.4,7.53E+11,3.52E+11,1.86E+11,4.95E+11,1.52E+11,
SW Asia,2007,16196465353,427966537.8,2006510.509,44934240525,15753695178,489996265.2,3.33E+11,58600496086,74493641513,9.57E+11,4.03E+11,4758567095,
Central Asia,2007,1103346712,7768652.405,120211107.2,1419459076,8199117893,273119335.6,1.06E+11,7301513873,11615828834,2.83E+12,2.19E+11,156721155,
Central America,2007,50730607.63,1.70E+11,242142.0781,4970053493,1391187043,122736322.9,1967593.328,1.56E+11,1.26E+11,20786200763,10456365031,6191838662,
South America,2007,39427203761,6.30E+12,9433503.109,3.56E+11,72813916642,59782610620,8.54E+11,9.12E+11,3.56E+12,3.66E+12,6.46E+11,1.16E+11,
North America,2006,1.17E+12,2.22E+11,4220252589,9.16E+11,8.80E+11,32704325931,2.21E+12,3.32E+12,2.61E+12,5.43E+12,1.96E+12,1.35E+11,
Europe,2006,6.40E+11,19757820229,317223641.2,3.66E+11,1.38E+12,3776456723,2.35E+11,1.29E+12,1.22E+12,1.38E+12,2.49E+12,2.19E+11,
Africa,2006,3492613508,2.25E+12,4932440.684,3.76E+11,2.21E+11,1.75E+11,1.78E+12,1.17E+12,4.26E+12,7.73E+12,1.29E+12,2.65E+11,
Australia,2006,34203696432,1.95E+11,197327.7969,632231943.2,4788540914,2.86E+11,4.14E+12,1.37E+11,4.84E+11,1.90E+12,2.70E+11,662783871.9,
E Asia,2006,94674915949,2.39E+12,14247426222,5.62E+11,4.84E+11,5780073191,8041528335,1.74E+12,1.11E+12,3.06E+12,1.81E+12,3.72E+11,
N Asia,2006,3.89E+11,0,4.62E+11,2.80E+11,1.36E+12,36605523798,3.19E+12,2.06E+12,2.46E+12,2.73E+12,2.70E+11,31442779462,
S Asia,2006,32944966028,1.54E+11,1254699.672,79306530276,1.09E+11,260018739.7,2.69E+11,1.98E+11,2.18E+11,6.79E+11,2.20E+12,81109367158,
SE Asia,2006,8294175116,2.18E+12,4825362.095,72849534120,95749928664,627001185.4,161924936.2,7.24E+11,3.52E+11,1.84E+11,4.95E+11,1.52E+11,
SW Asia,2006,15603776649,414415372.4,1815882.04,45252111848,15625180421,500320035.6,3.33E+11,57926729209,74136634859,9.59E+11,4.08E+11,4677566472,
Central Asia,2006,1080966366,7961722.03,114567059.2,1528021259,8249292091,320453972.8,1.03E+11,7068514853,11495353414,2.83E+12,2.22E+11,165520784.7,
Central America,2006,49579413.92,1.75E+11,0,4985406040,1376324925,108482456.7,1966605.297,1.50E+11,1.28E+11,20488502089,10500110286,6125235926,
South America,2006,38747939848,6.33E+12,11428933.16,3.57E+11,72310457347,60188393664,8.52E+11,9.04E+11,3.56E+12,3.66E+12,6.30E+11,1.15E+11,
North America,2005,1.17E+12,2.24E+11,3897115092,9.26E+11,8.80E+11,32712605186,2.23E+12,3.31E+12,2.61E+12,5.39E+12,1.97E+12,1.33E+11,
Europe,2005,6.38E+11,20029814490,307992763.6,3.61E+11,1.38E+12,4110257898,2.35E+11,1.29E+12,1.21E+12,1.39E+12,2.50E+12,2.17E+11,
Africa,2005,3342953753,2.26E+12,658613.9516,3.74E+11,2.17E+11,1.79E+11,1.78E+12,1.18E+12,4.25E+12,7.71E+12,1.29E+12,2.64E+11,
Australia,2005,33825586275,1.93E+11,0,649615968.9,4497708627,2.89E+11,4.15E+12,1.32E+11,4.85E+11,1.89E+12,2.78E+11,596874101.8,
E Asia,2005,93966583084,2.41E+12,13823752101,5.63E+11,4.87E+11,5502517413,8256228349,1.71E+12,1.11E+12,3.06E+12,1.82E+12,3.70E+11,
N Asia,2005,3.88E+11,0,4.54E+11,2.76E+11,1.36E+12,35052228647,3.20E+12,2.05E+12,2.47E+12,2.72E+12,2.67E+11,31078460701,
S Asia,2005,33050086282,1.55E+11,614459.5313,77151955301,1.06E+11,276848990.1,2.68E+11,1.97E+11,2.20E+11,6.78E+11,2.19E+12,81097932331,
SE Asia,2005,8376925668,2.20E+12,5380677.691,74159320263,97476618297,551739474.1,179846394.5,6.96E+11,3.50E+11,1.84E+11,4.97E+11,1.52E+11,
SW Asia,2005,15037702782,415303571.9,2189865.134,46188242310,15616840381,544357793.4,3.35E+11,56381928822,74605810114,9.63E+11,4.09E+11,4677228035,
Central Asia,2005,1032178070,7961722.03,104880243,1683000536,8391407769,344869348.2,1.00E+11,6904539569,11519142642,2.84E+12,2.21E+11,178171406.4,
Central America,2005,46286683.06,1.79E+11,0,5010999583,1305756956,110617868.2,1475111.844,1.44E+11,1.29E+11,20452660101,10592097325,6119911190,
South America,2005,38322150696,6.36E+12,14118887.64,3.59E+11,72237461131,60062550996,8.47E+11,8.91E+11,3.55E+12,3.67E+12,6.16E+11,1.15E+11,
North America,2004,1.17E+12,2.28E+11,3707856668,9.31E+11,8.78E+11,32234582038,2.25E+12,3.30E+12,2.61E+12,5.36E+12,1.98E+12,1.32E+11,
Europe,2004,6.37E+11,20116132648,269039088.9,3.57E+11,1.38E+12,4025755944,2.33E+11,1.29E+12,1.20E+12,1.39E+12,2.52E+12,2.11E+11,
Africa,2004,3235089184,2.26E+12,658239.8578,3.73E+11,2.13E+11,1.81E+11,1.76E+12,1.19E+12,4.25E+12,7.68E+12,1.30E+12,2.65E+11,
Australia,2004,33133496267,1.91E+11,0,793260737,4895786947,2.91E+11,4.15E+12,1.29E+11,4.92E+11,1.89E+12,2.79E+11,544559617.7,
E Asia,2004,92835383475,2.44E+12,13883941326,5.59E+11,4.89E+11,5271829765,8676928575,1.69E+12,1.10E+12,3.06E+12,1.82E+12,3.69E+11,
N Asia,2004,3.86E+11,0,4.36E+11,2.72E+11,1.37E+12,33788893227,3.21E+12,2.05E+12,2.47E+12,2.71E+12,2.64E+11,30860955078,
S Asia,2004,33306524384,1.56E+11,1036228.449,74822800723,1.04E+11,286191301.8,2.66E+11,1.96E+11,2.24E+11,6.83E+11,2.18E+12,80761909750,
SE Asia,2004,8444420543,2.23E+12,3708320.53,73984843437,97619566059,549193801.1,216929416.1,6.72E+11,3.51E+11,1.85E+11,4.96E+11,1.53E+11,
SW Asia,2004,14318989689,394864719.8,2760144.743,46907238025,15546213604,626236522,3.36E+11,54112155612,75445095299,9.65E+11,4.16E+11,4629055047,
Central Asia,2004,969822489,8154779.451,93939853.63,1846846375,8486952018,422974282.6,97950275704,6376662106,11185061208,2.85E+12,2.21E+11,165789080.6,
Central America,2004,46432900.41,1.83E+11,0,4841898583,1226631879,110868371,491111.2813,1.40E+11,1.30E+11,20434967510,10686995494,6201609161,
South America,2004,38736101106,6.40E+12,17873933.41,3.53E+11,72742865580,59072683623,8.41E+11,8.76E+11,3.55E+12,3.66E+12,6.09E+11,1.15E+11,
North America,2003,1.17E+12,2.32E+11,3499950329,9.27E+11,8.74E+11,30626553628,2.25E+12,3.29E+12,2.61E+12,5.35E+12,1.97E+12,1.29E+11,
Europe,2003,6.35E+11,20107941775,287330206.9,3.54E+11,1.39E+12,4014988474,2.33E+11,1.29E+12,1.19E+12,1.39E+12,2.53E+12,2.05E+11,
Africa,2003,3013341418,2.25E+12,898585.5297,3.64E+11,2.06E+11,1.81E+11,1.75E+12,1.21E+12,4.27E+12,7.64E+12,1.32E+12,2.60E+11,
Australia,2003,32750443074,1.87E+11,0,788862258.9,4852490732,2.92E+11,4.16E+12,1.30E+11,4.98E+11,1.88E+12,2.79E+11,498093124.6,
E Asia,2003,92272198263,2.47E+12,13802350575,5.47E+11,4.89E+11,4973210613,8563600600,1.67E+12,1.11E+12,3.06E+12,1.82E+12,3.64E+11,
N Asia,2003,3.88E+11,0,4.14E+11,2.74E+11,1.37E+12,32139501058,3.22E+12,2.05E+12,2.48E+12,2.70E+12,2.64E+11,30816796344,
S Asia,2003,33401265480,1.56E+11,2516065.699,72073585999,1.01E+11,287840991.1,2.64E+11,1.93E+11,2.28E+11,7.01E+11,2.17E+12,80884089291,
SE Asia,2003,8462374945,2.25E+12,4142490.183,70063440517,97254286762,507207391.3,227383678.4,6.49E+11,3.52E+11,1.84E+11,4.94E+11,1.54E+11,
SW Asia,2003,14104713092,394975764,3133358.625,47657077679,15569396589,670326721.2,3.34E+11,52096707653,75471338602,9.64E+11,4.21E+11,4455461954,
Central Asia,2003,933594908.8,8347861.295,98419818.77,2291962146,8724730538,460748157.6,95447766989,5691942976,11047336073,2.85E+12,2.25E+11,184663509.6,
Central America,2003,45055267.44,1.85E+11,0,4809146626,1228325024,105549559.1,245531.3125,1.38E+11,1.30E+11,20147452112,11026025304,6294269973,
South America,2003,39736082780,6.44E+12,21713127.72,3.34E+11,72320713210,59151219117,8.38E+11,8.66E+11,3.56E+12,3.65E+12,6.00E+11,1.14E+11,
North America,2002,1.19E+12,2.34E+11,3317600339,9.33E+11,8.79E+11,29189127907,2.26E+12,3.28E+12,2.62E+12,5.34E+12,1.95E+12,1.31E+11,
Europe,2002,6.38E+11,20884786148,359699601.8,3.60E+11,1.40E+12,4032159600,2.31E+11,1.28E+12,1.18E+12,1.38E+12,2.53E+12,2.06E+11,
Africa,2002,2757212074,2.26E+12,655876.8735,3.54E+11,1.99E+11,1.79E+11,1.75E+12,1.21E+12,4.29E+12,7.60E+12,1.32E+12,2.59E+11,
Australia,2002,34791352421,1.86E+11,0,723799259.1,4388030314,2.94E+11,4.16E+12,1.29E+11,5.00E+11,1.89E+12,2.63E+11,479503637.3,
E Asia,2002,92666175831,2.50E+12,14666202921,5.43E+11,4.95E+11,4880299651,8496406089,1.63E+12,1.12E+12,3.05E+12,1.81E+12,3.60E+11,
N Asia,2002,3.94E+11,0,4.15E+11,2.90E+11,1.40E+12,28652744647,3.21E+12,2.04E+12,2.49E+12,2.66E+12,2.62E+11,32991417104,
S Asia,2002,33724597940,1.57E+11,2973177.09,67751635707,99295566093,293391807.2,2.63E+11,1.90E+11,2.38E+11,7.15E+11,2.14E+12,82190292052,
SE Asia,2002,8561791833,2.29E+12,3179570.627,68362692889,98915369248,495550102,208249052.1,6.21E+11,3.52E+11,1.82E+11,4.90E+11,1.55E+11,
SW Asia,2002,14280031589,399938773.1,2780957.875,49116438201,15908468326,572970678.1,3.33E+11,50858547883,76448639414,9.62E+11,4.23E+11,4472111649,
Central Asia,2002,924521201.2,8533351.467,104167160,3019937787,9018882326,404953046.2,93955926920,5254486369,11533411676,2.84E+12,2.27E+11,210436324.9,
Central America,2002,43797906.37,1.88E+11,0,4711861564,1245719805,104089313.2,491309.9219,1.36E+11,1.28E+11,20058408625,11476523044,6499677285,
South America,2002,42980654219,6.49E+12,37392059.51,3.16E+11,70569580986,58265443544,8.34E+11,8.57E+11,3.59E+12,3.62E+12,5.91E+11,1.13E+11,
North America,2001,1.21E+12,2.33E+11,3277586245,9.32E+11,8.80E+11,28039445176,2.26E+12,3.28E+12,2.62E+12,5.31E+12,1.92E+12,1.37E+11,
Europe,2001,6.42E+11,21028927920,512931508.8,3.62E+11,1.41E+12,4039664227,2.29E+11,1.28E+12,1.18E+12,1.37E+12,2.51E+12,2.18E+11,
Africa,2001,2533131939,2.25E+12,1398211.452,3.52E+11,1.92E+11,1.77E+11,1.75E+12,1.23E+12,4.30E+12,7.56E+12,1.32E+12,2.73E+11,
Australia,2001,35276501709,1.87E+11,0,856866560.9,4820850671,2.97E+11,4.14E+12,1.28E+11,4.94E+11,1.91E+12,2.66E+11,526279037.5,
E Asia,2001,92542391778,2.52E+12,14931913307,5.37E+11,4.95E+11,4842337744,8411732440,1.62E+12,1.13E+12,3.05E+12,1.79E+12,3.62E+11,
N Asia,2001,3.97E+11,237336.6271,4.17E+11,3.02E+11,1.41E+12,26113518837,3.21E+12,2.05E+12,2.48E+12,2.63E+12,2.56E+11,35623764161,
S Asia,2001,33524410924,1.58E+11,3640713.652,65085096745,98329810496,304053233.6,2.62E+11,1.87E+11,2.43E+11,7.19E+11,2.13E+12,82685592901,
SE Asia,2001,8600730467,2.30E+12,2878231.007,63422622324,97205545976,560868675.5,207189896.8,6.11E+11,3.54E+11,1.81E+11,4.84E+11,1.60E+11,
SW Asia,2001,13909648284,411167040,3245961.954,49584220515,16104607350,479368785.5,3.31E+11,50292626631,76359173672,9.62E+11,4.23E+11,4434906097,
Central Asia,2001,891197372.7,9112682.451,104158462,3178340463,9097920926,388240519.7,94088924479,5285206125,11826089089,2.84E+12,2.22E+11,212633525.4,
Central America,2001,45140224.77,1.89E+11,0,4528212685,1242959451,113328236.8,245778.6094,1.35E+11,1.28E+11,19738601816,11746199984,6842161225,
South America,2001,45539781249,6.51E+12,69985444.5,3.04E+11,69744068531,58272308188,8.33E+11,8.56E+11,3.60E+12,3.60E+12,5.88E+11,1.15E+11,
